block,ts,pool,usd,tx
15920620,1667853923,XPR-USDT,324162243708.0,0x6a7dc6bb60af43354024d363ca61ab655040e24e56603fee430dc949ac14b600
15964908,1668388295,CIRUS-USDT,305946439864.2,0x1ec35591f74f357ca44e69381a73be1c1605bd1a61342919698d5a1c5b8637d5
15917748,1667819315,CIRUS-USDT,243949537326.1,0xacc4425b4d48179c3b7c7849baaf318ed167eb9aad8378e2b13d9e47a1489981
16015102,1668994079,USDT-BOTS,239805025302.9,0x0d75e237007b1f3ff985308dce770f64487cd3c794890ed0b075f9685d203f45
15822809,1666673303,XPR-USDT,229599312686.6,0x5ac173c2f7d15653147cde93da1d5f2d8c0926b7570b274922485b614b63cd00
16015107,1668994139,USDT-BOTS,199052395085.8,0x2fcbc531940aecd2a33bc52b5922b3e11a73217b2ecd19ae676f2e4555ba36fc
15880879,1667374511,CIRUS-USDT,106686586865.6,0x73221ea4c91532533446cd441a6d152eeb7b65d2f3a3ff91b5eaf0d1e0771c4a
15865210,1667185175,FEI-TRIBE,75188229917.4,0x5d69092e93abc720071f066ae89249d7ce6ecb673fc43f40ce600e2a72870e5a
15977261,1668537395,FEI-TRIBE,42538195404.4,0xefb951a3096ff70f85127129db1564664e89f1ccf0f123038b84646b0837e549
15920620,1667853923,XPR-USDT,37420254731.9,0xc0bf5d1ae98900123821a6617eef3192feceaa9cba548811534bc4183b3d5a96
15926248,1667921735,FEI-TRIBE,35648805176.0,0xb3223ef74c64ac7cee0262df8496237ad4f447da02679f7111aabe4ddd80a1af
16006145,1668886043,FEI-TRIBE,32081457621.5,0x1d0bda8bf0d5fb6679b66bff026fce2ed0662efb1e87e2bf2024218fe4cb7dcd
15822809,1666673303,XPR-USDT,27569340082.6,0x7dda3d02cae3aa9f216e7cede43a73a4d040137a2dd81bfe3619aca96a858b66
15944616,1668143651,CWEB-USDT,27337231340.8,0x066848e313024b8851bb0ac357a697d26aaf27d322f5bbdac64e6663ba433a65
15882644,1667395823,FEI-TRIBE,25894158520.7,0x4e2fb44f3c3d0062948d3f4dc56f6d52c01d720e2f42d0001f30b25986f84a58
15917748,1667819315,CIRUS-USDT,15177430283.4,0x9098a971837c38e0e56faf2c93f76b01894524d3b35b36044323ae582b388276
16015102,1668994079,USDT-BOTS,14754520600.1,0xdb8a64bbf51ced44733afc4c4b3ced83871e30989d978ac20109f5d84c8ab70e
15964908,1668388295,CIRUS-USDT,13872929963.3,0x70e060e376f8fdfe281bc4c7117aff2df885cfa729055cff6ec12a3dab63e3a5
15928049,1667943479,RAZOR-USDC,13072194845.9,0xf00d1b312a527aa31af6cdd878db96f12b8d8765c17b064da8e9897fe67c4dc6
16015107,1668994139,USDT-BOTS,13070518125.0,0x36a4d6d9db760fcc2df23c893614c092b8f2fcab598f540c93fcd189ae2b0195
15846083,1666954379,BLXM-USDC,7955186674.3,0xd1df2bf74acd09fc5e6492b1d615f77561327b2b56b19764b9b1b26e9c4a89a4
15934836,1668025547,CWEB-USDT,7619027053.8,0xea72e3f70d05c686440a605d471fd306c43f4923cddc427b04b97f550582a851
15880879,1667374511,CIRUS-USDT,7365774559.8,0xd8f52a61aecf60d51d0d08471ab5349d9d56fd5474de35ef3e446da6fe2f2010
15883538,1667406623,CWEB-USDT,7117877179.8,0x977528d0b55d44b42cf7f76dcc2a0a4a6f765188526de32de73ad3d460a63840
15966904,1668412355,CWEB-USDT,6041855762.4,0xbffd3681f8f409c16b9d3f310d1c150b63a21854710f8de348b4ba1fea3189e8
15929937,1667966279,BLXM-USDC,6025852033.2,0x9b7e2e404bd53ff8a4f6089127389fb9efe9be4beecacb8fb3b37a4e2926cd0d
15929934,1667966243,BLXM-USDC,4875143465.3,0xcf932816601f0a55bb6beb2344422526b361c10e37fc7c8413749e8b60ecf53c
15966490,1668407375,CWEB-USDT,3753216663.2,0x4026397be7c9165dd8ba7b64a19029515e08f1aaa221eeb3baea9e0ce3cf2092
15916667,1667806271,CWEB-USDT,3564401088.5,0x8f0c190b957469e0acf9eb83728ecb5db111b80d5e72820c6d3ebc3e1cdc31b3
15829090,1666749263,sUSD-DHT,3345584800.7,0x8c1887736e8ed12e621588b6a155e985a4c5b4dca8cfc3a45e6b18490dcf9460
15883538,1667406623,CWEB-USDT,2893648715.4,0x65ee49022b68022d451ff9caed934f4b1a3acc4342ae775a04cb1aca593354e5
15916667,1667806271,CWEB-USDT,2885906101.1,0x089b27e823242879d6d934a995032c7aad3203c05b7dc2e4d1d475a29f1e97bb
15944616,1668143651,CWEB-USDT,2800763414.2,0x029f8e678bd5421058856479d71a735af5e09105960e7b09699fd7cf8f1e5093
15972453,1668479303,RAZOR-USDC,2745349320.2,0xec826aa9f8bf12b2f926aba09f03c92bffb6c1419eba9be25af7d8e71152a932
15846083,1666954379,BLXM-USDC,2722969257.6,0xdd3417014766469ac06ac98943282500f77ce1e5546a6935db2dc30e25eece00
16021602,1669072487,CWEB-USDT,2677649927.8,0x29aa7bb606e17e3e32805a43f8131dd8f4fb947974b0424f2c56da1e026b71a8
15929937,1667966279,BLXM-USDC,2580094925.6,0xeed046f5d4f39098d1d377a4b9be073f368c6b5aa177a75f2f8a110570f2bde5
15966904,1668412355,CWEB-USDT,2360341458.7,0xa6d940f203efd9cfcd17d23d897293efd8e2f914f11a956f70869997e6b3136f
15851061,1667014439,CWEB-USDT,2339904132.7,0x846d26709895a8a7651c4a1c0e39b47f4a73d2389363e12528afcb4fb0e8b20b
15966490,1668407375,CWEB-USDT,2286769899.2,0x170c4e6f27f2cd0368c1900c9cdc8b9bc9f71d9fd567e7617c8f8a9b38a70a44
15850790,1667011187,CWEB-USDT,2281671278.5,0x4ce58e05df0f2bcda8bb6e12c3d0c1a52a71bb01f7ac2f1ab082f82455136df5
15934836,1668025547,CWEB-USDT,2269104967.6,0x9e6b8572b289d7503d90eeb8a5f32d47fef6b6d30e673367ff5360e867dce7d0
15972453,1668479303,RAZOR-USDC,2207903049.2,0x1d10b5ed6f82b699c282b4cc9d9e7acf0e693f5ed2372b541e13bb3b1976dfeb
15928049,1667943479,RAZOR-USDC,2179702932.8,0xb79ed8be787b8ca8375b89d4ffe6eb93d90ece310297c02e006b83825c4b4752
15929934,1667966243,BLXM-USDC,2043863697.1,0x807959641ddafecde445c10460b448ff20ee02fda5ad33a7441fcc2728129e0b
16021602,1669072487,CWEB-USDT,1991000142.5,0x133f0cbd3c1ad44f64df5666d2ab37b18515feee91be73eb2d967814dff98641
15851061,1667014439,CWEB-USDT,1981520629.9,0xe22f4599b0a066d77abf69e429eba7b7806a6eae4e62878baf36311ad88cc424
15817719,1666611551,BLXM-USDC,1892311221.9,0xcaab78aadb8bc3184b45fe19b6d9a5361d82fc3ce1003a08da326d6da1185c27
15850790,1667011187,CWEB-USDT,1816714481.7,0x668fdb1ffc6aef4c09a505d25826e8236e17f6dc91aba1a3f38f8cab0a46d254
15922905,1667881475,BLXM-USDC,1772459673.1,0x4fb8dc4258fff0fed8916e0bd2854856b85f692fe5b673c0bc9902e161177a16
15870582,1667249975,BLXM-USDC,1632086229.4,0x101a53ea4440da46340df40256cc98ba4925dd57d11338b7071f15f167c0bbc6
15912826,1667759999,FEI-TRIBE,1619510677.5,0x7b50cd435049fef57faa8ff7ddb290cdf48371609a7165d12dfa4d30464d8179
15922905,1667881475,BLXM-USDC,1576037683.0,0x3b547f0f0dff1e6cb58c424ac1c01479c99a1e328b3d88a64477642253a5e822
16005983,1668884087,BLXM-USDC,1560436827.7,0x54243c359e9c1b84c70be0d87b15c74993b4178864c50403bb0b0541ebf2fc63
15870582,1667249975,BLXM-USDC,1503244728.6,0xdb44676413d0f950df735964bb1b9196bed995af454ad1a13da55da2610af709
15817719,1666611551,BLXM-USDC,1446887890.3,0x4246f4b94faf406c903e66e9075e92f9d0669bbe23f1019a0df0cfdaf3d0b8cc
15865225,1667185355,FEI-TRIBE,1270985532.0,0x2676b6a09b7929fa6bde039ccefeb636ee1467aa3e094447a75b396e3634015c
15926248,1667921735,FEI-TRIBE,1037651751.2,0x3a3aed5b8a3d627d264355704b92fdac4ea88a52a2ec5a9b882f0cb9e753434c
15865219,1667185283,FEI-TRIBE,1022485539.8,0x907a14a0fa9f2bb7028718e288957586f50b9a2905f17827d81857a01279b710
15865210,1667185175,FEI-TRIBE,1001295285.6,0xade4eabbc977f380fd83d7d350d58454f5d9ca9c24f34d3bda0f21f97bb09280
15935639,1668035255,vUSD-VOW,981865621.2,0x1c4a1777de4d418e132e9376fb1635db3b5099cd3f7f0578077c4a0f67474549
15977261,1668537395,FEI-TRIBE,940570721.8,0x6076c5a2d9929c2e542289623bf2650b86af2cc9ece7f90f12227c75a477a3a0
15882644,1667395823,FEI-TRIBE,915151524.0,0x724bd05c2f641f1618067a130112d1ea8788bdecb49ff63145995ec5dac3064f
15871321,1667258891,FEI-TRIBE,886991044.2,0x4f72a0b7f3bcc5eec6093777b3ad493194e8cdb45df329a3198af5bbaa579228
16006145,1668886043,FEI-TRIBE,825716194.7,0x5114c32f2b7413ef6a5eed8a80327924eed5714bf60334195bfd3db37a6d1b4d
16005983,1668884087,BLXM-USDC,697316478.6,0xa0d07fdca9acd36c15adff3fde7ea006c911cb60bd08f705f17b6ffa1dda3947
15865204,1667185091,FEI-TRIBE,657549364.0,0xd22895cfc968b5940e84ca1dc9538faf016f1b8aac08875d210faa03bf745144
15978696,1668554723,Dream-TSUKA,540840976.9,0xde0760f15ea375ad5edc850dc9206362f751c4e9c249ef2864822aa25b811527
15875166,1667305571,CWEB-USDT,186718942.3,0x540fa0e4ff55b090918d8b42b14c114e1d6ed6dd98d825c6ad17f16967e05cbb
15873309,1667282951,CWEB-USDT,157155344.9,0x601e970d886bfe1e58bbf296fa0566c4559b6cc8f39e15bb39787034ac708cf3
15841847,1666903127,CWEB-USDT,157076309.9,0xff1b01a0e51c2038c6bc9cd9260d3170f5a1e00cbac4318db7655b7b740e92a8
15978696,1668554723,Dream-TSUKA,107880903.8,0x50590247d2863c124d6b5d90d2a764ad8a864949a8b0d1403cb942ec11ccb36b
15931660,1667987075,PENGUIN-WETH,96730651.2,0xdca3c3aea89b6395c7380c8c2fb547aabf020239e7e7a3a6b338ec00b796b010
15934781,1668024887,BLXM-USDC,86050986.9,0x140a8f0c9d362e224c982ab48a9a16ac1e36276480a37dfc81f926d14f5ab3b4
15935639,1668035255,vUSD-VOW,83281866.3,0xca29f8358a3be9a7b34110c7ae4c771306a166e9cae39d18ea0d69d340a9e93d
15875166,1667305571,CWEB-USDT,54199670.9,0x170b3d335ac360394295db6c7f722b992992f1459755fb720222db08a9a31a22
15873309,1667282951,CWEB-USDT,51308007.9,0x8ba48294841c8bd0a0e4640db100ffc0f87f77643c3acc733cad493563bcbb8e
15876394,1667320391,CWEB-USDT,46222160.7,0x686612cdd77a3aef637b87048d9975322e33dd7b849b1beae3579a8e041c55a7
15841847,1666903127,CWEB-USDT,43593175.9,0xd9bcd6bbec3b40e22a5fd2fe78f232752185f92991e8ff791d9fc0e3f954e16e
15938385,1668068411,BLXM-USDC,39857411.3,0xf6276ccbdaabdbecec6c4719c81e293c1761c6e76ef058bd67e75a9e546cd52e
15869817,1667240735,Dream-TSUKA,38720914.6,0xaaa04630268a335ff81eaa7c5d5faf9ee9db763a6b1f5c5b2bccc409bb0db598
15927369,1667935271,DAI-BLU,37026841.5,0xa36701c1670546d54e3295f9ba2571fe9c740d31a191c39a5c60f9805b3b0d40
15927369,1667935271,DAI-BLU,29170834.0,0x596502bf0e6dd9d3a209a105c89a9f1aa86475306ae9596a4b6b48d7c4a1bc42
15869817,1667240735,Dream-TSUKA,26785420.3,0x8f5492a64e7fa4c78d9d8f04317382fa68c26f929bebfa06e042384d3af90544
15934781,1668024887,BLXM-USDC,26549801.7,0x73377f86a864138e7cadd5707ffeb0681816e50076481be52a957e62690966fd
15929235,1667957807,CPOOL-USDC,25376102.0,0xfa5c82e9da112c943c1c96c0978a2f6d0bd00c5627009fc1a05fdb14f569bf40
15938385,1668068411,BLXM-USDC,23333093.1,0x9d5c962bd88c196cb7a31194428ac19d12f141af8097277c039898cf3719c2d5
15840414,1666885823,TIDAL-USDC,19575880.7,0x84d322fe493df087bc766907f6b38bcdb99e2752eb3560124ba0ce17e5923f2a
15912826,1667759999,FEI-TRIBE,17504895.8,0x6aaa8ce54b63676fb759936e11b4a96860227ea682be7da914bc142706b69f59
15840414,1666885823,TIDAL-USDC,17458406.5,0xcdd906b62826cfde5f6f85bd256e870f6721be15ea5c4fb6b147ae5b5d4f80ee
15865219,1667185283,FEI-TRIBE,16729649.1,0xd96ad50496a83f637d7922f5a8139d6d5f8cbcdf3cd19c9c552db3d3fd56f086
15865204,1667185091,FEI-TRIBE,16670041.5,0xd2fd41c2bf657d86887b6303c555a695d3098006adbb598d655d046feac6cdaf
15871321,1667258891,FEI-TRIBE,16588809.1,0x01b83f4f65a26a563c982b9fbcffe8076fb753541807ba0cb5b6eb8097b0c334
15865225,1667185355,FEI-TRIBE,16512642.5,0x4dc1692ffece2575f902a6240c44ceb45ceb040ae595bedd79b5966bc0b3e348
15936061,1668040343,sUSD-WETH,13625905.2,0xb925eef0b4f8d8cc9c1e761082221d57af7285a2c98addd1a8901fa2d5c33715
15876394,1667320391,CWEB-USDT,13117324.5,0x27835a752f7fea7a0f5495432348e9b36ea1a16a943c4eba633dcbcd44498d8b
15921523,1667864819,USDC-DHT,9352928.0,0x38c370c7f7883f64edf63a5b8656860bd2df72c7e3d1296a11c99823d8ebe014
15828224,1666738811,USDC-DHT,8301193.9,0x0736d4a7b1c83b49801c8f13306a9819106b513e67ce26162c6c51a500f2ca6e
15833742,1666805315,USDC-WETH,8098699.5,0x1767726fe6a660bc3205615dba84982c62fefe15ce5315a4bf6d8dc52235b5bc
15833742,1666805315,USDC-WETH,7679295.3,0x9ff20248903a769ac51ef94440511ffd621d7f73dcb8b6582cc397e7b5bdeade
16027043,1669138223,HDRN-USDC,6607184.4,0xecba9c67ae6ee5fa0f4441926c43c71847833cd4bdd8dd9388110245623f7727
15833149,1666798163,$TNYT-WETH,5850339.5,0x6db0c8d087611fdfb4782c904402729fc02fb5127d03c042bf74cbf84cdb7a47
15868178,1667220947,WOOL-WETH,5415618.8,0x8da170779441e88651f60924870b5ec96da541f0e138d9b5be808155c6b4a181
15905298,1667669219,FNT-WETH,5284040.3,0xf2eb91c33981809644c9a741dea1d82e7230ed6e9ab45b693293f05c5c4b177c
15838655,1666864535,TSUKA 2.0-WETH,5217428.5,0xa080a313779c13ebb72157bc184d341aa7fd1c87543953a87ce0657ee54fc511
15926578,1667925719,FTXP-WETH,5143348.1,0x2fd3401cda828167d11a538071ba332c1e6ef2f982a50b0195916cd524952eca
15908359,1667706131,GOO-WETH,4176077.7,0x0885184afb821e14b76692eda27345141bffa8aced6064fec65bf1338f95f6c8
15821712,1666660127,WETH-mUSD,3941751.9,0x2e2396006042417c5fa4cc8ad3ad35447651a168e373141cc7e177c5c4c4acf5
15932045,1667991719,POND-USDC,3828398.6,0x4c44b9ac9779ac9d711dbe38fa86bfc06137b8f7efbd46c01f321549d0d002db
15857175,1667088299,FUKUR≈å-WETH,3501925.0,0x8b18dfd363a9c1e5c64124cd4af52982a2196823d648ac3779172fc03f8a4629
16012678,1668964835,WorldCup-WETH,3487977.1,0x6fcd0cc48d56fb18e936721aa8144f158f7b3bf98ecab4d1eb7e75b948037edf
15896870,1667567555,Risk-WETH,3418523.5,0xe11d8fc1f2e5a048f35d8167f107839d30d18f50bb8ac79d2667f43208019cf6
15819729,1666636019,talky-WETH,3396984.4,0x2c9db724fe7a82943720ede226e15add44e7a6722a6fd42f1b685ad75281c9af
15871195,1667257379,MTS-WETH,3270825.6,0x3b7ccee7bd9b013a53062f92751923f9b24c41823f3e58a646d24148ccc7c991
15858419,1667103275,$NNN-WETH,3229447.0,0xe146ace43139e1f8f2222614d678dfc12e47d68ff3fae6c79e148c6fa0021c9b
15885193,1667426627,WETH-OK,3225281.0,0x310e6366a8fb0e6f18a8dd58b1dab6ca8ae84b26b67ab15c10b8bc7eceea1c2d
16000909,1668822875,WETH-mUSD,3203829.8,0x5f1aa176a6f0d5b3156cd341fd86f7462be53c6471885806bb334be64bb7c88b
15900848,1667615495,BDC-WETH,3082957.8,0xe52e5bafc42de3adb3d9d61261cfde49587025084b9ba7eaf2ac022579ca7b8c
15892668,1667516867,XEN-WETH,3061762.7,0x6b2fdbdb127af11d2c5ab1b961dc05e82a9b6c135316d90bbd02e1a7c8e4859c
15926340,1667922839,WETH-CRASH,3058950.1,0x8c78de4058167637e30ed018abd1965e668ef6e861cab478a638700560aa50de
15847164,1666967375,KOIN-WETH,2971321.9,0xa802a637fc7c95b808e3bae1d37e1a547e87b0d987c1db851a6293596222a590
15931886,1667989811,USDC-DOWN,2945434.5,0xd7073717ad11ccc17d99c385333c43b7b5a0bc9343aa46f589cbeffcb639b92e
15931698,1667987531,USDC-DOWN,2943455.9,0x7d898270393cd94369899ddcf95ddb81d1e26279b783fcb54c85e8ade04772f7
15909682,1667722079,GIFT-USDC,2942566.8,0xff48be9194150f6ec130ba3a94d3246c2fbdaedc729633b277ce9caef09879d4
15931711,1667987687,USDC-DOWN,2942041.0,0xa1a9028f313b6b85193c51bc4121939ea25dc5e4926a9e425454c7c1208817d6
15931799,1667988755,USDC-DOWN,2941664.8,0xfba3c20c7091d1334c94b603e9b14e68cb3fbb39991da2ded83056994e69331c
15912257,1667753135,SANDRA-USDC,2940166.4,0x5648d522110dee3ce39515bd379a67329ce732164ead657b1bb053cc31194e45
15917574,1667817215,Resolution-USDC,2939396.2,0x8fa2b350fef4a1ee048ad2b686c29ac8fd6892298ec34453fa3992fb51e88a4e
15935371,1668032027,FTX Token-WETH,2873407.4,0x763a28044418bf8d13299b478e8890fd319f8adb0a813926735a70a3c326518b
16031763,1669195247,HDRN-USDC,2872939.3,0x5dbd8c2662ebed40e6553d3e34354172b43a7cd3ab04755b26f1c0df4a5d6d7f
15809989,1666518179,SBF-WETH,2834591.3,0xb4cec3e0544e6131f1840b002104bf37a1eaa3c8611256970a1426f577c7e0d4
15902529,1667635751,WETH-RGT,2817532.3,0x5bd40d9e5be6a053f1fe482a512fc6c2762774f4704a607cf7c7bfc1baab845a
15811170,1666532447,TSUKADOM-WETH,2802057.8,0x7b026ddbdefa94b9ee5ca44fee08913c9d20142194a8cf86931e8a47dc5b5017
15897411,1667574083,SHIT-WETH,2794169.6,0xfd49da615e2737829664fcfa4fc3c6eca25a1d085537e9631bfcf037275ed324
15898907,1667592083,XEN-WETH,2790344.7,0x7ecfbce382a89527c368ec01610fabe895a80c20395af94d19df1d5446604ec1
15905757,1667674787,WETH-RGT,2788631.2,0x8098c7d018d149e2fa58707c1951a40ac8cca2b45b968062cd0bf19ae6c567f9
15905804,1667675351,WETH-RGT,2788495.3,0x0c82dc7d7add9358d47dda7753fd0c8676a8e27dd02e6679e8d718cc947f3270
15846083,1666954379,BLXM-WETH,2785309.5,0xbb4f422ca454eff191aabedcb2d919289f6a492315a902dda4919a405ed82731
15920620,1667853923,WETH-XPR,2762648.6,0x23a20152f289a1de29e70c963909230a37d18393eaa8c9ace4c426a9e740e061
15920822,1667856371,PANDA-WETH,2761187.0,0x895f950efb41174d43f258c0ecc077574556715ace1f611e0b7efa8254fc5c2b
15898505,1667587223,WETH-RGT,2758098.5,0x468a21a46a5422c170c217bafb44160b98dd4146bb8d5870b43f05f0f2005bcc
15897807,1667578835,LQTY-WETH,2741103.2,0x912cfea40187045346ca7422b453ae5f811c15a20e5280b0d426c70c76f476cd
15879513,1667358035,XEN-WETH,2740715.2,0xd5345a07ab1f6eee49c13efcb36c6c386653c8cdc58650d835b1b353360a32ab
15926596,1667925935,WETH-RAINI,2733662.0,0xbee890553c5c9708e78bf92efa08e9335f59e8eed6ddde4ba04363b172f8b5c7
15912389,1667754719,WETH-RGT,2730888.2,0xbfce19399ffe61aa9a5619412d153fc3df4c6ee187e8c95be0f1326aedadbb64
15913552,1667768723,BAL-WETH,2719956.2,0x5a32ff85d24c911c9566a629fd096bf82516e59095b13223035ac164ea46fa58
15913191,1667764391,WETH-RGT,2717957.7,0x3af5667d4ffc61b4fd135cc34cc53b60ff3eea3ff6375b271e90b5db15ead78c
15919549,1667841011,TLOS-WETH,2717702.7,0xdd0491cdbe6707fef937e7bba5cf859b5dab9dfeca4d433f02e5f5ee9e2fd29b
15872411,1667272043,UNIDX-WETH,2705460.6,0x56297fd627538261896b19b2c76e78d78f4bd885e927910b97b57697105c65d6
15862049,1667147027,IDLE-WETH,2687738.3,0x8d98472ce7726661ac26ce4c2973dd426ee93e8e6140c3219ccd20bab6d3cbf9
15896938,1667568371,GOO-WETH,2687117.1,0x7fb36ef5a134a2235643ab0a98656f60e8d0232aea2747a1cb15f58550c17c0c
15914980,1667785931,GALA-WETH,2686333.5,0x55ff699ab2a2db96ae4cacc752d4e4ad20cb35feb489e83e0d00006ae8a6cd52
15861878,1667144963,DC-WETH,2686031.5,0xa295c98425ad289ffb17118227cbd3c64c3ff534e8d8681d1b2abd100b3cd938
15872741,1667276075,UNIDX-WETH,2684413.5,0x36af54f7ee94be153957e96dbda8bac1202410c0f2176d980946733b4f79aa6c
15861919,1667145467,DC-WETH,2683889.9,0x829cdb19a32f232deae4bdc640589853233e851c5d3282a504c5d58cbf09d4a8
15895916,1667556059,RADAR-WETH,2681422.8,0x5c391d8e3973f2a0baf3fe2c07946bbab4a17b6129689593c018facdb8643fc5
15914577,1667781095,WETH-RGT,2673298.1,0xec17b53aa039591e3c4e99dc4197d9a8d638a51459c6ba3ea571bb97581fbc51
15850780,1667011055,UNIDX-WETH,2672675.7,0x5bcd2c042a57e51f16a7f0a683ae3c3dac702471fc36963d74b237abe62ca74d
15835546,1666827095,STMX-WETH,2657703.0,0x5e378167b3958cd44b5dd05f797d7f6424a572ddb5a5a6218de3a67ce76619be
15870323,1667246831,WETH-MFT,2637409.5,0x9de2c96d3fa780a3d9771851c0e43e3b0f0c579941fc1b1d665501efda91e095
15951518,1668226931,UNI-WETH,2636840.4,0xc5475d0026b74e567ba9fe6b2301e8c8760bcc27670a3fe3e5c984fb3568d153
15898832,1667591171,XEN-USDC,2617158.8,0x6ddc7eb33eb318a62baeb5f2ceefcc464bf651ed1f889db1d2fed7319e3af291
15834179,1666810571,GREEN-WETH,2607281.3,0x2da547d22e65b98f865feaed5fac13ac62546b2a11179ccaff3cc4655a631684
15833514,1666802555,UNIDX-WETH,2599425.8,0xb386ee27679467f4260b3814a9b4952a0442cb052f800c02c511b764011e64aa
15894112,1667534303,GOO-WETH,2594810.9,0x0da0a587f5cd4d7b03947497d6c3288ea5393a145bac4bfd02baf601f252b51b
15890299,1667488259,XEN-WETH,2589181.6,0xd61c113e734855300cc9548d3f2b5ff56cc383160d57ce40e24d22d466b1bdb6
15883664,1667408135,XEN-USDC,2587957.1,0x5b9b02ca7eaeecf41a01025eed350546a79a6670eddcc98fb492614ec5c89ce8
15893646,1667528639,GALA-WETH,2585498.6,0xd0dced08a6e36a83819cec6a5e73561d1268167fc6c1cc159228478302f7d9ae
15893608,1667528183,GOO-WETH,2584325.8,0x1ea1b6e81b87eec23cd8b643bddd5b3d5518284f6e9fc8a3584b8bdd9c846b1d
15893505,1667526947,GOO-WETH,2584248.8,0xa0dd01a525d1a797a2c86149c77ee431c79d7f5ddc3c1ee3a1d257b8b0a0a6fb
15890396,1667489423,GOO-WETH,2582710.4,0x70d6c5485d46b549baba4143346f4024abd6b5cfd57d1932a8a2b6697efba68d
15893390,1667525567,GOO-WETH,2582528.3,0x178dc0d06005931d17770a2586c32df8f345b2b2b25cdd741ad36a054a4028d7
15892273,1667512115,XEN-WETH,2582059.8,0xffbf85de6a5315aa04d92036ba65ec581d75b446ee8919481b6e9fa10b79223f
15891284,1667500175,GOO-WETH,2577449.4,0xcf50bfa2333c83370e0c8eaee31ed923ac4247876a23640163782017b97390f6
15930179,1667969183,FTX Token-WETH,2576008.8,0xd434e9ca277c178d6e66e6eb82dcadfb2d62a265fd63929df0644eb388b875b2
15881348,1667380175,GOO-WETH,2549384.7,0x489682f3624297c69e6aa24738b73dccfa863edf0e88586dc1ffa2aa901cd63b
15900689,1667613575,WETH-RGT,2549352.1,0x76f491c55adceb94afbc44d2d24c01b3748b0b4ef863241cfd00670f4b6d7b05
15899881,1667603819,WETH-RGT,2543935.4,0xc57fe1d6c4d1ad1ce729911f39dd456a47eff145996e23cedaa6f1d66340be01
15902275,1667632703,XEN-WETH,2541061.3,0xc5eeca829e6bdb71672fe93b64b63a4c1060d98221cef2ce2473df2131a440a8
15884405,1667417075,GOO-WETH,2539392.8,0x3d9055f1a1e8c4b70678bb772a56d703801705d1055dfb2cff86537dde79387d
15925846,1667916899,MAHA-WETH,2539322.2,0x9cc0bcaa0bedaf4a8cd5a6e1a1f570c7f05a4b9ae43e7d54de27db505f1f88cd
15883348,1667404319,GOO-WETH,2538754.8,0xecc79596e6498170d0470227211e5d89fc72c38b055488275c48db883f59c2aa
15883202,1667402555,GOO-WETH,2537137.2,0x474f96942c0fe783a88354712a806a99298ee08ea8b325edc6cc929bd4ea82b3
15897517,1667575355,AAVE-WETH,2535353.2,0x8debf871857a27f6e6699caa0596204d5948e226335a7a1006330d09dd8b157a
15901970,1667629031,DC-WETH,2534679.9,0xc6b13157d5c340d0696345aff624423bba5f849e45d6b468be1f563a8fc5a27a
15881546,1667382551,GOO-WETH,2534066.4,0x436cd047c01bcc4e4b5a386d346ed963b6d811ad9652e9183bf646fa4d32e374
15899309,1667596919,WETH-IMX,2530669.5,0xe6164202581d2e562c48b364bee21071696c3a8d0f34c3388679d9e6d501815d
15825556,1666706435,THE-USDC,2520544.5,0x97b6de611c943b5dc1179f2c4bdb36e4a30467d5149352b3ca8e8e93f3bb2a47
15899793,1667602763,WETH-RGT,2515637.5,0xc9a7e58b848fae3725e281e08c2ef32e35ff3d106c2315cd7abb01474ef9f701
15816482,1666596623,THE-USDC,2515510.2,0xf0630e9bbffd871d5ef5bf6d6d722349d1cf7a2fbcaaf7ae93e1d08c5b621a4b
15808496,1666500203,THE-USDC,2512875.1,0x47e119faae0e3855668fe6dad6af2e1ce33191384240fcb56b762c348e16cc2e
15904593,1667660711,WETH-RGT,2506414.4,0x61c36c3e0d0ae95e7a17f5a48b18b66ed436f090c94bb5bb2912ef703cf1eb53
15839099,1666869875,WETH-CTF,2504222.6,0xaa7ef7b0330cf8a3d7380f65afc247b2e2901e0711633051d5e706d3e133bdcd
15904840,1667663687,STMX-WETH,2503843.8,0x32d32aa357b2bdfa617ffcc774bd130778ca6b48a0dc50cd175e0c0def36bb0f
15906576,1667684651,WETH-RGT,2503786.9,0xc6fd669fcc441c2f5ad79b11c4d4de3f14b791bc29abc11a019fdb72a19d1a8a
16032275,1669201439,DINO-WETH,2494781.7,0x4788b6ddc004943e34434f3183a8ba2783d6f2a99204fb72a32258a1f0a7f76d
15923337,1667886683,WETH-IMX,2491890.0,0x1dd4e078a4271f993977aa5d8fe4b30b331225c7363c4da65cfff17a776a78c4
15885440,1667429591,GOO-WETH,2491760.5,0xe930f835f2fdf640a1d4cb2c84c6681cb10d3d159c06db58fb95c48f7ac18388
15929937,1667966279,BLXM-WETH,2489374.7,0x95f526a75185c77e760338b36c1b9a32b34f6b5e0b159a2998c7d6bf7ea87a86
15855611,1667069447,UNIDX-WETH,2477985.0,0xf1801c6151822f326c60ac9658a0999d40462c7cdb8a7f280f8826d9d6537efb
15828752,1666745195,KOIN-WETH,2465650.7,0x92bd72ed777e63a10f8a19fa4966c9741049b4d4f6b2b6c2569f90e6b4e4e38e
15880101,1667365127,XEN-WETH,2444978.9,0xeb37f6e3b577ed4d29db7ccc910a4309c2ce1a196cecd6e65a50a7aca9e3ac6a
15879012,1667351999,XEN-WETH,2444694.9,0x2746bd10878d2388ece4c937da1bf1cafa8d278b405d3b4f61f10b511a7baa5b
15829310,1666751903,WETH-MFT,2442817.6,0xb3b8101a9d75bf7aff43fb6d20c6605f92ec15e718921c4e33eeab70ed7d8a2b
15861861,1667144759,DC-WETH,2441239.3,0xb47f43e6cb545e9cc39026b8dd91010732551f07c54abcf4b8d74564c18d3d48
15851061,1667014439,CWEB-WETH,2439670.1,0x23606e3b3d5e7cf226baa4c5148b72acc73cc53b7ff939f2648861a7b78e9252
15852252,1667028815,WETH-HOPR,2437101.6,0xe01ef1fd3e3d312c9d8145d2dd33b6a5b87950150967bc1260f157e7b46bf3a4
15879522,1667358155,XEN-WETH,2435267.9,0xac47307793baeff658051c27a97e0eeb3448222e1e4a82733d267dd175243fad
15914227,1667776859,WETH-RGT,2434931.2,0x3e96d773ce92ee0bbaf8bb424e9153f0b8dc487c6822a569eb1cd425edea388e
15879216,1667354447,XEN-WETH,2434738.4,0x1271d49bda77915ec997dce5b4884986e6a19737111c8b6ef298155e5899b34a
15861937,1667145683,DC-WETH,2433510.1,0x37aa33b756deeee815df0131b1d9223544e930a2572cbb69c432a3fc5606fac3
15852317,1667029607,DC-WETH,2433365.5,0xe549faf56edeb67687d08c977e86cea6f3e0ddd14fa90d19c7ac37b093915aac
15879496,1667357819,XEN-WETH,2431226.8,0xb6bfe5eac7d7af027333310d7efbfb7e23aecb07c68a56fbd8353d960f61f649
15896251,1667560091,RND-WETH,2428410.3,0x0f74cdd4c798b0cbed03b85f42b03897b6d3d2d462c2edcfde7bd9a15821ff22
15878583,1667346791,XEN-WETH,2428076.6,0xaebaa810cfce0c48b060220428704f196c3212e4f708f40ecf1e898ec5b6ac1f
15872921,1667278247,SHPING-WETH,2424345.6,0xbec82057e63098652248a1ff7f4fa056a8173178753d2c0a4a39f5b80587378d
15895284,1667548427,GOO-WETH,2423163.3,0x78179ab341216ebd24960c8b816a4773550a7ec50c765ab6c9af4304a78d12db
15880688,1667372195,WETH-RGT,2422679.7,0x28a012ba3a165458cec669112f8110d9c565b6ed2497ee2b8764e19d85edd7cf
15865210,1667185175,WETH-TRIBE,2421382.2,0x8dd9d5068d9a68dcb2ab9c20751af11e4be0d6579e98d37b3b6de412850d6f68
15878975,1667351555,XEN-WETH,2416968.0,0xf8ce3d6af1b72b0892c1d76ab396ba29b7b9221b128b1e4e094a98154136095a
15878310,1667343503,XEN-WETH,2414471.2,0xb3b43a56357f836abba24bd2a10d9990404d46d773e4ee61c968ff4f9fa6eb79
15850790,1667011187,CWEB-WETH,2400736.5,0x9d851d6015d724e4b9a1559f6808e30ac78aeba846720244989581be932be1a2
15868522,1667225111,DC-WETH,2400407.5,0x4150e8502b68cdabc6c19bfb8a25c1ebed6f0dd0bf0de6d41dc0024504d590b2
15883745,1667409107,GOO-WETH,2396555.5,0xd42f72c8643ab421a785f1e9a4170e8cffe30f20b7115b5f81fbdb2091d12c13
15983274,1668610019,CRO-WETH,2394927.8,0x9c450645c50600334a29b4151af4b500a4bef813829fe7174c267b1da3282490
15881510,1667382119,DC-WETH,2394707.0,0x511f767671fee28308a8dc045d8e861e361dd5c6dc35a2e01b736b7ef492da29
15882877,1667398631,XEN-WETH,2394062.2,0x28552a84439b3726803ceafdaacfb32bc342e4b17cb7ecdf22f1e2a244d421f1
15917748,1667819315,CIRUS-WETH,2392289.8,0xfb5ff6906d1cbdcf0d294535758b4abee79479e45e87c2158e35ee6fe1063213
15879212,1667354399,IGG-WETH,2389490.0,0x8f1d7e6ab70242514a6c37a52507658cf3b4276a60cb729f1a22f34c27228cc7
15895825,1667554967,GOO-WETH,2387987.4,0x37cfeb4d87c625464cbed0829f2feefc7468c8b9ef32b335ab5e254b2f19bb8b
15894698,1667541371,SHIT-WETH,2387251.4,0x9971895aee206ac1de60bd4ea5d13ca916ffc1d899386d379bb51f9c0f2b14ee
15851411,1667018639,UNIDX-WETH,2386807.5,0x4b582ffea6bbcb1e6d0b44d878db2f8c72b7b7b2d3e584f31830d246185caae3
15883286,1667403575,GOO-WETH,2386347.2,0x7ff5abac41240dd0a4206fdbd5c69e3258a28ab06dafb9c8cc7b3e1ca6cc5358
15882853,1667398343,GOO-WETH,2384580.5,0x9a798708160927a34b20f3a85ddf9e3382c216afe2fde4462ef84d7b7cdb188e
15882584,1667395103,GOO-WETH,2384248.7,0xa5e6d70a703e462139d82f72437090f9ca2307394ed4814ee4ea148c1f707a44
15882367,1667392475,GOO-WETH,2382875.1,0x8b3c3e2d3b3b078bcaaa547dfbbeb8d8a41e9f97b06a375ce7eb39e966d9ed09
15893657,1667528771,GOO-WETH,2381305.8,0x4f21537b0582e74d7ca7b0783ef832157e87b1d3204f2d2e68cfe4ecf3da21cd
15882644,1667395823,WETH-TRIBE,2380728.5,0xd1616535babc9c751effb737ed7919831ab4f5bc95c6cb16df8f48166709f98c
15891785,1667506235,GOO-WETH,2380209.9,0x164132571edd264f4d8a9255e455739a3de2611b7f8d30dbe107452008765cd5
15883538,1667406623,CWEB-WETH,2375321.9,0x218e9ad8e8f21a0f6da527713f9545d237a0f9a15e5ec258c8faca84a35dfd06
15894694,1667541323,SHIT-WETH,2373460.5,0xba9a1c4a55c0bed5ddb7672b0d308bf873c5b4da98492d1990f864ca01c0098f
16020270,1669056395,DBI-USDC,2367669.5,0xac3c5039dcf5c0784ec9c0ea749ffde4753fbdfea7085d7865a2d45e07397d9a
15886871,1667446859,GOO-WETH,2365842.6,0x1fe9fec4147138df494d8a92faf5d45dad3a3c30025e873146649157e33b4132
15894116,1667534351,GOO-WETH,2365676.1,0xc4c43f8c5fda59eaadce1715f558100bc9f4fda074fc39d80a5f3f926882b2b0
15882561,1667394827,GOO-WETH,2364230.8,0x35fde626060a3a32cdb7b03063ee9735481cc651cace8f4a6e0bce1bf6288cce
15881667,1667384003,GOO-WETH,2364087.0,0x5458eb7061752ad0263060f8851dd626d91591c4dc4cf4b8cd95ddcf65f3d930
15881640,1667383679,GOO-WETH,2363965.2,0xe42900a2af154313f7c552bd8ed6f87aad504998fc04649e42c8f9f3db0da789
15916667,1667806271,CWEB-WETH,2360644.8,0x666be09f89179e4ebd6544154680ef8d0ca66de5c4d4d1612a2d1fd55e6233f5
15914527,1667780483,WETH-HUSD,2352797.8,0xabbd9615e2cf90b078d304b6f5f9144baa687aeec600417593b876ac6baed837
15844384,1666933907,BIRD-WETH,2347957.8,0x8a75efb40e0f88b722fc59561d4d807361a2f8569de3c50925d6f19ae18e2a25
15893217,1667523491,GOO-WETH,2346924.2,0x60760481b757278a76e88d028597e65ab0ec4c302121e9104792de327c6a391a
15856953,1667085611,SHIT-WETH,2345421.8,0x83aa2869733b54dc8a1255356905e486f557879e911605d5c3b31f4c6738ca76
15886777,1667445731,RAD-WETH,2343656.5,0xe4607b45171f491a6262e73c7fc3513b4eb672eb0dcddb25c73c829962417dd5
15889760,1667481695,LSS-WETH,2343207.8,0xca1bfcee8ed8414bdaf2f90f4dbec27a20b8f79887de0ee50492ec0b07e936a3
15985615,1668638339,DINO-WETH,2340624.6,0x47df41025d9c58ab5dbfb3578fd9ce2363d24be9252d5c46d6bf7b4c9101604f
15831125,1666773803,CXO-WETH,2340063.1,0xe3ff2f99a0c25d7b6d6b29a3b1fc5ba37ae3d0a3f3be1f0e9ea07869d16fbe72
15838467,1666862267,OPIUM-WETH,2331114.2,0xebed4d86f21b5f7d45130c929d0b62260e01bb6a1d544ab7a47eea4d2b7c4985
15839185,1666870907,COVER-WETH,2329699.9,0x1dabbd4ad84fd09c7b8f56d420aa2cf4eeb33ffb7e7f3e784ccdbee3d86d2e8b
15831936,1666783559,WETH-CGT,2324864.3,0xd43dd9a96dfed9e80ba73e6aeeb43443ec121758bba7024d1deeda6b85d74b12
15835387,1666825175,STMX-WETH,2321749.7,0xb46aea75a436dbb90a881725e01c0fc27c5a741005810fdfebb406968ebb1a31
15881994,1667387927,GOO-WETH,2303847.7,0x06ba8bd552d8896a6d6b8fbccc6c1300764fa69cc5f6becdbeea7d3134865595
15927592,1667937959,FTX Token-WETH,2294900.1,0xd335ed7af0fc065689fa224f610dbd5809d062e32d636b4137806d10b699946d
15817719,1666611551,BLXM-WETH,2290080.0,0x2831d1bfe112b4022c75008a592aa88b07a0a656a532f715b0fce7f2dbfb9dc2
15893364,1667525255,GOO-WETH,2287062.7,0x9a78fff4b23ff7a8971527393cfaf87cf77a02168feb45e3ccb602a491acde0d
15927379,1667935391,FTX Token-WETH,2285764.7,0xf1736428e0e4fb68db05a39e88d84778fe04347960d6d660a57e0bd272fabe6d
15928542,1667949455,SHIT-WETH,2285762.6,0x2e5fa64735f5eb560313f7d3082691c629b35bb322af5ed3455fabbae77b170a
15923802,1667892311,WETH-IMX,2285407.4,0xfb1ba9127eb56f4e5ab3ca9443ef5b909d6e8432cee5294f2685efd77fc3eaa7
15929235,1667957807,CPOOL-WETH,2284221.7,0x9ae17657fdc3f34a375a5911a0c9c6f3d0600b4dfafd922b2ba90ba760038af3
15924708,1667903219,USDN-WETH,2280989.8,0xb43b80f2725379e76c0384798e2d68e1ca355e97cdaa37213ce3fde02d3ed24b
15821519,1666657811,WETH-EUL,2280077.7,0x5002061ea3c745ec21266423861133db07ed8f313d07e381100e186a8fd91ac7
15880272,1667367179,XEN-WETH,2274217.9,0xc36ab8190266f67ec16efa5d8de93a2980d183e2d36c2f3bc5713822feb6418d
15922905,1667881475,BLXM-WETH,2272260.1,0x941fb0dbb50566772c412ed4b2895b07db83b6769b21db1599e8464287509b11
16028235,1669152635,ALEPH-WETH,2267202.0,0x198f9f7f2f5e87485af590452c484441ec54e0593475284be01028855276cba0
15870582,1667249975,BLXM-WETH,2264173.7,0x18ce506f8ec045dd8f730f3b82d6628e2932c28c679fbcbcf31ae63b782a3227
15923334,1667886647,WETH-IMX,2261208.6,0x5b2c32a6e087a6105b042c85559b910fcc39287cd6e7fbde3060a1258918b172
15864666,1667178587,WETH-AURA,2257134.9,0x3e015ec34dec8debecebeae03b36b1ebc84578118cd54017b38dc092da3c2782
16026413,1669130567,DINO-WETH,2248081.5,0x3779865722ffc7c0624df9983a3d58744dda66e593bfe8252467ce40217f9414
15922177,1667872715,DOGEDAMMIT-WETH,2238194.8,0x1c6d3198d0b4abe558d9f028fef3d146202e99cb25b10ef33b9a202ed7a5444b
15930490,1667972915,FTX Token-WETH,2236623.1,0x09d9372598c7ed1d7b67464b3ff6970f14da88693879418c3631e3e49ef9bedd
15824831,1666697663,UNIDX-WETH,2235832.1,0x0174f5081dd01bd9e7573a57a7b2dfdd55158b235a628cb5ffb278ac805340a7
15927713,1667939423,UNIDX-WETH,2235265.1,0x521d2d934b5568a0f2f3237f70ceee2df7c025a6ce817198bb5fc6097203a680
15822809,1666673303,WETH-XPR,2234986.3,0x8b279f54153b92654a7932877df99ece241a5e9196f522fee6b406486f024b3c
16029653,1669169747,WETH-URUS,2233510.6,0x87b9332ba38524685b474afc001cdd5800ff6e7a8bac684d882fc6b80e95073b
15824408,1666692587,WETH-IMX,2233242.9,0x0ce653ae3fc3ec99285ce13a2ea085762efef7261f5e0eb014e2f4a968d0836e
16029653,1669169747,WETH-URUS,2233240.7,0xbb67db4323cfb9b2026b759983f5dae4df646659dcb684cc3d60d5a68b672069
15929934,1667966243,BLXM-WETH,2232617.9,0xd8d9ded20e763515b7f8286a512bd69e7afcc78f1434539fab250bbc64bd9350
16029601,1669169123,WETH-URUS,2230231.0,0xcbb301ed06b074767ff9396e187a9359e95e322231dfcb4bf8227cf42484f419
16029601,1669169123,WETH-URUS,2226706.3,0x88acd3b731385303a73c2cc5b814086d03c8cc2b5ac5b7a2b8bff70bca7a1dc9
15805488,1666463891,AERGO-WETH,2218448.5,0x188909cb93e429efc4858498f5d66902f2b63917722048f14eebfed11da4bffb
15926248,1667921735,WETH-TRIBE,2211186.5,0x58098e85301310498f90c8764607695048a5de8de3f2002a20c8af23300dc44b
15895667,1667553059,WETH-HELLDOG,2187309.6,0xc52daff0fd6ac26c9398a6d4c631f663cb7ec39f0fde778271ce3ee85f712644
15802196,1666424243,DC-WETH,2177036.9,0xade734b753ac2bb03d98c754cdd90c8fa46c123238b9b7bc78184faa0063c446
15835531,1666826915,STMX-WETH,2176344.3,0x709339e94185406924edf20441e8b4bc1733b491edfbf53473fdccab34cd7bec
15801606,1666417151,WETH-WRLD,2175943.3,0x00b909c2c9acfa813a34cb2a432161f601d9d1a3caf500c66cc57155e9dfb5d0
15886367,1667440775,XEN-WETH,2166106.7,0xd9d129c2b89cede6058db53814746ed648dfb9ef4d9175efd000dfa069903e9c
16009149,1668922211,CRAB-WETH,2147500.7,0x0dc7d267569b21a14d063bc6aa64216723316e0a92f0cdbb00869b759b1814ad
15972676,1668482015,ALEPH-WETH,2144504.4,0xd42917b4d5cbf9ba31b4a0c72e02b805ba0c49ee5b83e5b2f67eed46f8c7cf6c
15972802,1668483539,DYDX-WETH,2144089.4,0xc781fb1829368dd58ee968012a9303409fa5c6e84e7bd6d8bf74b461c5a251e5
15896322,1667560943,üê≤-WETH,2140889.8,0xeb44fc2fde1a542c74da85acfb89f493af4fd8adcef5ff4601fefa3570663862
16032709,1669206671,CRAB-WETH,2138977.4,0x7d5c950a0a1bb6830a624166eb47b4d2fc6112dfe976c1c68ff90eaaf58d507f
15977827,1668544235,WETH-AURA,2131311.8,0x90ffcce63fcd25b67ce65eb73479425c50a49e040e791ea29ad2ab77be52f41e
16006598,1668891515,XFT-WETH,2125712.8,0x3d31602c07c0ce94a1f6721508c140e4142b3e9b511f826fa1eeac67a3cba1fe
15829543,1666754723,THE-USDC,2121355.6,0x4046fe96575d3c0eff265a0a981786e35d62fbd85dc55c19b919e6fef878eee7
15892722,1667517527,THE-USDC,2121042.1,0xe7ca0a75bc2bfe660424d7002faba495d52dd595acfdcee22371aea7789eafca
15978696,1668554723,Dream-WETH,2120973.5,0xf161af019ed2fdfb60ce66811d2ff1fd32e83365276c17426c869a313fe8ac10
15882978,1667399843,THE-USDC,2120906.2,0xdf8da988c47bf06861f5cfd55e171de2d35a5beebaa37956af6979bb3919284d
15815669,1666586783,THE-USDC,2120616.7,0x5bbbfdded6f5997b1c9cf434b68a0cc7273e835e6683fdd44fa0373c0ab30875
15842172,1666907039,THE-USDC,2120541.6,0x254280ff53c37ceeb489a51413a953fc40097d57da01873ef6398194eb4560c5
15849165,1666991507,THE-USDC,2120497.7,0xe47663b1fd432571b73137cd3834f2d228e7180524b21e830c05188b9cd3081d
15882170,1667390063,THE-USDC,2120494.1,0x3b007801f253a9a7ee78438edc1b930d88be6b4615a83aefd3e69a58189e4c2d
15855622,1667069579,THE-USDC,2120481.6,0x5c400ad3f70a19ce81ae10d4321f845a559e4912cfe6c91795ce37ed72e53cc4
15857841,1667096327,THE-USDC,2120467.3,0x63b9dd8fdf36d62228c963fa6677dd2b5b8a87255eb5da5608a64ff5575cc5f0
15898799,1667590775,THE-USDC,2120429.7,0x54acd09789c6e3f4935eea154dec48772fce1bcb90a08ee6ee0251c5045ca0b8
15818455,1666620467,THE-USDC,2120330.4,0x9069b1c012382ae834ed48f7388ac99f1b03107ce6e1158aceaa77ce462cd66f
15895652,1667552879,THE-USDC,2120164.3,0xac75abe3b6fc68bac140f04ccd4190f0bd4d8f68c443d1319c3df5192e54cbf8
15846990,1666965287,THE-USDC,2120113.9,0xfce7d488a3260b280cfd8a79102a33bba056a2c9198de059a96be71f9b5b6737
15855616,1667069507,THE-USDC,2120093.8,0x84c0736353063f5841d93d8ed247acf0ce11e189b75a9f5699f70279924ea407
15817670,1666610951,THE-USDC,2119790.0,0x4df3128e63065b3b987b0b661964d84f49af832f458ce295601f93b9a4ab0423
15896954,1667568563,THE-USDC,2119551.1,0x9e78f792438399654bd788e54dbdc788be118fcc54d10c5fd5db029cd0264bcf
15831178,1666774439,THE-USDC,2119523.5,0x477b3bc48bf50e4fa00e4ecbd7056cc0f68577f93aebd946b71adde1e9812e1c
15882704,1667396543,THE-USDC,2119412.9,0xd9609d34b6a02812809c16c20986cd2cb780dfa635e8ddb40aeaa632474246e1
15824365,1666692071,THE-USDC,2119065.5,0xb855459fc7cbe4fe73109fbce42e6e851fc4e2b74186fb8b2b77d70c74cfb338
16003192,1668850427,KP3R-WETH,2112735.8,0x1a42c1cda82939cea895dfef794bc5c048a892f5d97a24612df3272183a970e5
16002624,1668843563,SHPING-WETH,2111663.4,0xe6134bfaf59800e14185145067ecb5687db57758093bb9929abdc366b13629d8
15972115,1668475211,DC-WETH,2108097.9,0x6c6a89423a06ae4d71fea4fe29d58d182d30aba329b7e51e0b54de1297967182
15990208,1668693743,USDC-RFOX,2105686.6,0xb184101fdcadae8d708b781fbe5afd6d224ea9a9b93d72ed164bf05b3af1db85
15897773,1667578427,LQTY-WETH,2104643.4,0x83074ebfcbf6c9e43826d6f08a69a060e918ca6dd13c173b03c656c96a536a89
15954836,1668266999,COV-WETH,2100955.2,0x1d7ebc711ca771abd33c98884da002bd156a86ef9178994a776e475a059c7477
15973378,1668490475,RARE-WETH,2099250.4,0x5380d4949b93d7be7ffa9ae3899f0350c1c9ebddc2e3f6c300566e2a5ec9a3eb
15941022,1668100247,FTX Token-WETH,2098328.8,0x9b5c3d57729b5acee7445f79d384e3f2dab0a2e4edae51542503f3a3dcf4422e
15986293,1668646511,WETH-ACH,2097543.9,0x16cd562af7658485b8fc870a7f5604b52981aa75e81126d94ee0353746d1f144
15942810,1668121787,FTX Token-WETH,2084935.0,0x5c266c9ba61e8ee7a2aedbe863de13359af29d0f4d26f0c7c2ebdc9c59f521ab
15942561,1668118799,WETH-RGT,2083776.0,0x0ea1772e8d3ff477fcc06921b199adc09818471e44baf088c0a90e58e70b034b
15985710,1668639479,DINO-WETH,2076623.7,0xc310f494dcdfabcbf636d855cca0b49661f61462f9a950f07781b3a0e7c564be
15970456,1668455159,RAD-WETH,2070396.3,0xfa38a764a0e37df5e7b7a16c5bfe0f5dbdf57dacad167bf20061910b8fda7691
16013786,1668978203,CRAB-WETH,2067161.3,0x94c9d47f901d228e6cd6e4de97d9495e957875a2826373353b903f4777bc6124
15989438,1668684419,DINO-WETH,2066710.8,0x18bdd5f8de62394d7031815cef1dc92c372a536a5755df6b17ada4afd26b920a
15864292,1667174087,WETH-Inusanity,2065961.7,0x8325ac7eaaeb8cb9e0b4ab34849d1c2a95d511cedae69c2079bb97cafb5c6c46
15989462,1668684707,DINO-WETH,2065937.3,0x0558a8e682fa31d71fe7d80eb008333d5e5e84679aeb48d31928ae73f617850b
15852843,1667035979,BLXM-USDC,2062371.1,0xa5e9ed545c967b0d5c6303c4670d62633710e8b7ee7f78431a62baf91106a598
15968730,1668434411,WOOL-WETH,2062002.6,0x92e2fd31c93bfaea1cba5f66f997a9931f08007d834c0b0bf85e50b07da07e96
16013209,1668971231,CRAB-WETH,2060323.1,0x5dedaffa66fe0e70f08e08cb8621725595fdef331167c57c9388ad57eec7317e
16013081,1668969683,CRAB-WETH,2060193.2,0x5ffb79bccb96ff265dc05a244ccf66506ccdf80497c581a8af57c1223e03594b
16013071,1668969563,CRAB-WETH,2060168.1,0x74ceaf512ac6bba3862ecc1173a333d6cffbf6c23b2ab290e7c9b32dc371eb38
16013066,1668969503,CRAB-WETH,2060050.5,0x3aaa61b77493cb9f593ebe3744a543cfd141d909bf8bdda662758f1b0be452fa
15892097,1667509991,BTCH-WETH,2059091.0,0x55cbc981f49e82c52b85a849ee5c7582469ccd88d10a9518112e3d2ba0cf2fb5
16012076,1668957575,CRAB-WETH,2058831.7,0xfc79923cf841b1c91b0cd65b5735c4b8e3d13c9a599de0792f5088dd7ee662f1
16012875,1668967199,CRAB-WETH,2058458.0,0xb90805ec516df5f7d322081bc3275c12bbd00f9917b2b3391b949eae14e708fd
16012935,1668967919,CRAB-WETH,2058449.6,0x5c81bc9864e7a43dc315262a5fa8ad9b29ecb1bbe28e926f77adc0e0862ed53d
16012755,1668965759,CRAB-WETH,2058064.5,0x8964825798775f9e44c831fca45446cc3bbfe307d92aa385b65dc926084b5f87
15928218,1667945543,SHIT-WETH,2053105.3,0xba0666913b7c48c797254666fe054aad7374bad6bdf4fd90655966eec21f5562
15929282,1667958371,WETH-RGT,2050661.9,0xb0b51a756ca34401efcf068d7166828e85459b14ba6ed454a8acf9ee7078d612
15952375,1668237323,YAM-WETH,2049691.8,0x4bc45a2359cad05df27a2126cb26e6e61833d738fa352af5b8a6a1ea1a8efc7e
15967174,1668415619,STC-WETH,2048856.7,0x8425843fce77ed427f0c3b5935d4b730a2caff1197fcdf165b78ba31fb67b84a
15993166,1668729455,RARE-WETH,2048361.6,0x338fd8b72bb07e37653df6fc3e6a5e9fcf2fdc4fdb289249192555a96b22d6e7
15950373,1668213143,CRO-WETH,2047833.6,0x02b2f5f2f90397a2db433809123de47f925162c39b6aa864eefb7144ac4383d8
15933348,1668007547,GALA-WETH,2047441.8,0x353e861b33dddeb643bbebc59871278d8274ffa92fb8cd6c4b14e515f863d4d7
15972453,1668479303,RAZOR-WETH,2044833.9,0xfd00d1799976c4fd9e415683d205a50a02b40c775081f9ab80b3b5670d38790d
15953762,1668254039,WETH-RGT,2043086.2,0x43e7c4cbb76ad0526b1481da7a72d9033a14c84057dcc781e85c0ca8fb67b70e
15949597,1668203807,WETH-RGT,2042401.4,0xbec1ed4b621baacafcb65044a6f2d5225ad2277c32726a0956c692fc2d5f736b
15950867,1668219071,CRO-WETH,2041590.6,0xd35235088e70913d185b910dc6be8bdd130f57cc4b8f218d92b3a0de9604f3d2
15953569,1668251711,UNIDX-WETH,2041205.7,0xc550fb0c24fb2a03b4ebd46548aaaeb9cb443d85cb1ed15145b1cb0cec965a34
15943183,1668126287,WETH-CDON,2032001.4,0xcaf11bd6addf085eebe93f1cbecb831fff80bb28f3f8517610ccab67bb5c61b3
15961463,1668346883,AXS-WETH,2031121.5,0x4198bbc22174405ca5be2ceaefdd8d4c90a35b496c799733f7c054a1d155bc97
15949073,1668197495,FTX Token-WETH,2029416.9,0x90dde30b2560e82e6c4ff5656b36ab30036e9243b5c9354e65a925191a6d9581
15966904,1668412355,CWEB-WETH,2028191.2,0x2bc813005f3626362c5ecf529206e67c6f0eb354351bb44f64fa79d3efaee416
15961570,1668348167,AXS-WETH,2028068.1,0x748ffbde2f971984a298b6efc340233ca43f2a17227199576da90c0d1eff7194
15932635,1667998895,WETH-RGT,2027516.4,0xa38a526213f1959ba897a4fa68ba223e378ce1ecfe2ec29df7b56bd682bfdd78
15975533,1668516479,RAD-WETH,2027320.6,0xb4bb46127b487091a59275d425795d5c345fe053d34fa32e1ce3c7289dd485ff
15928049,1667943479,RAZOR-WETH,2025950.9,0x2ba9ac894927aaec6e60d5fb6e9f59d2563eeee3396421de9c4179c43c5a955e
15862239,1667149307,BLXM-USDC,2022261.1,0xff707d8d67f04557d6fe084848d5ca67ad7021c2d76777ae5801c84910f5a62d
16014130,1668982343,CRAB-WETH,2019604.6,0x3c2e88c2b67eb9bcc36734a62071e2e2d2ecda4fb3bb81c94e528e084054d15c
15941769,1668109271,LSS-WETH,2019061.8,0xe1f4622bee3d8e25da9af4f0f04fde293590b54db0d8291c3c2eeb31e7aa1c7e
15973109,1668487247,CRO-WETH,2018553.2,0xb31f4c0a3f7ad17d416cf734589dba3704a87f87f767c7fead559516117eff9e
15946118,1668161723,UBXT-WETH,2016482.1,0x8aa0d21ab895ab0dfa533e1fcd5aa9a766756340a3d6379b5e2443645c92b26a
16016363,1669009247,CRAB-WETH,2010920.3,0x7b9ad5b6ce0442a34a0242f169ab1484175ec6fa600b364688c0a6493c63bb29
15861142,1667136095,BLXM-USDC,2010113.5,0x40c5f35abca5e864d1d84b08f2b75d9c6d1db9500f8155494f07a262264e6476
16015102,1668994079,WETH-BOTS,2009754.2,0x1a45a6b9630b250f39324f4f240b187e8f5bd6ae2ecc45a1558ea88b891132a0
16014347,1668984971,CRAB-WETH,2008595.2,0x772976886ab3e97242f7c9115660ac29d4dfaa3f13c784ab88f2363696aeb499
16014635,1668988439,DINO-WETH,2008271.2,0xeca0e4d0374f7a125bdae3b576f4967cd57071cd44d85b46a59ffde2d62785a2
15809125,1666507775,STW-WETH,2008090.6,0xaa77fb57c46294ea130b01067b8136245d63d20dc3cd4871e3613b1781563061
16014591,1668987911,CRAB-WETH,2007969.2,0x293eaf8a93da032a01874d88c1d291cdc921bf702960f4b20d81480ad096f41a
15957294,1668296579,RAD-WETH,2007803.2,0xa8d27f0af6afb36a195c027467f0f3ef6db9a19833f97576740b17dd41d34a3e
16014954,1668992267,CRAB-WETH,2007344.5,0xbdec07346aaa61c79663a184903aefaca3a3d241dbe9bf57c3eb571363e46068
15976331,1668526091,WETH-IMX,2005115.5,0x0f642eb3f8858180c6a1374448a044fb0e9a7d19dba4b40c10e8e6eb8abf228e
15977261,1668537395,WETH-TRIBE,2003795.7,0xe4175a094fca78714a651a4719e4dc7c3d47d1ee73b7cd7a9f38ef30ce4f7b71
15960673,1668337331,WETH-WRLD,2003206.5,0xa34754ef7e21852ccce0da82d11a68c5cd1345bd4d5ba12484885498155211b3
15960655,1668337103,UNIDX-WETH,2002897.5,0x73db68aa084806779a214247e912c9867cef44687f0dce1795ea9e2dc7353bc8
15978722,1668555035,XEN-WETH,2001373.6,0x50f53ce17d8711f2311421006553b02ac12e0250d507e05cec1608b31317d5f4
15963135,1668366983,RAD-WETH,1999757.5,0xe26404b251798eda82b865cb7807236d1d231c80a2e8cead8c9d1e14f1718d40
16019005,1669041143,CRAB-WETH,1999699.8,0x67723006622cbfda4f9b25f3bb461b7fa95919af60ea3bc1a545e46a5edc3e07
16018997,1669041047,CRAB-WETH,1997808.6,0xc5c72605647ccb4eccb58704d7189ba35c8dded22e78a4fc3e936e55264da57b
15943023,1668124355,UNIDX-WETH,1995815.5,0xbf0f1b6d7d1e1ef675bc618ca9fab7c7bd865123fa4de96799ebb7104baa3ee1
15947719,1668181103,PEOPLE-WETH,1995607.6,0x2c827d05bbd22aa9168a7a62daae18dde3c97879e162d5519c766fd0febc87aa
16017332,1669020959,ALEPH-WETH,1993227.2,0x13505cbca10a1d3b0d30e280c809a8c18e1a755c94262b1bfe65b6c58f763ace
15800902,1666408667,WETH-EUL,1993225.2,0x3a507f4b44b9b45701e0e3d555c07abbbe54fb6249fb22364caa4b88597d8a15
16027297,1669141307,CRAB-WETH,1991129.3,0x74616f296d5066200b28e6903e5ec0be1b80e3a24dc4e58a48b772ef50b32256
16019338,1669045163,UNIDX-WETH,1990882.2,0xcc7700dedceb45d114cf9bce2411abc733ef7e9b80b42e57ca5e52428b8120ab
15944219,1668138827,FTX Token-WETH,1990583.3,0xd7933e1f8265939bf02dc646ca92f39a6a3aa5a971ff4eb89a46fe953f90a313
15959921,1668328271,RAD-WETH,1989572.2,0x8f5e7283338ef279a472dbcbd7ef898faf88bcacd2572c1871d35183683057f6
15932303,1667994875,FTX Token-WETH,1985553.6,0x95c2cfb9cba6bcc3b2151ac43ed1d9ede31e89acb72b21ce4a1d30e1a847e0c2
15827295,1666727555,TWIS-WETH,1983649.5,0xeff6f03bac82af78ffd6bd3936df6cb311981b5cd834e1d5e9f89af1ab216561
15829090,1666749263,WETH-DHT,1982960.4,0x07edeeaef9966ba87bd296f3cc62eb5894b9158471f53e4f631ef98ad61cf5a8
16022954,1669088783,CRAB-WETH,1982235.5,0xdfb130f35bb17c7fde48f9a091628a295e2d75efaee41e7e0738ce0ce9288169
15895057,1667545691,BLXM-USDC,1981335.3,0x26066eb3516c49af9066567fe0f63e69bbed9c271f16d65a2b4b83e87cea37c9
15943797,1668133727,RAD-WETH,1980141.2,0xe4b29cdd1fb0361f9567e08625959ee14fe51671001bb83a0eaa89878755d2a6
16010036,1668932927,WETH-renBTC,1979062.6,0xb9b8bbc0f1771e3932ba562fdb1d42d12d2d37c23911aef8617759cac13e364f
15939073,1668076715,UBXT-WETH,1978973.0,0x6883c6f09d2735bcb093fb6c7b801803dba46663505598a4b8ad3794f526b355
15827268,1666727231,WETH-CKTL,1977062.1,0x18279fa15a27189c1da7944e970f88b0ac62565a269e354dcbe198ee929fa0ff
15965279,1668392783,APE-WETH,1973802.2,0x5622d3b4b8c94a823f2579114752230e9c37757fcd096a1d3c3b0d23615a7a3d
15921198,1667860883,CHAD-WETH,1973602.2,0x873a3061811729072bec1925874a095222f2eec75af7bb7c379ab8e1a2ebe794
16020999,1669065215,WETH-IMX,1972423.8,0xebdb2170bffe2cd5055a665393ed89338613347a3bd8892eb40470fb01a36332
15943773,1668133427,WETH-RGT,1972007.9,0x2e4a7f1e023dfb7486cd95d9250d3a1126630d14bb62852f4d63ee0020aa051f
15944135,1668137819,UNIDX-WETH,1969610.6,0x1499a94cd3bad636f95efe197aa1c3bf67d4b45508f4ce202f14f04d61274bf8
16018526,1669035383,PAYT-WETH,1969244.0,0xc06d7ba4ac499d0483a5811e1cfc16aed4f406c8ba6f7c8ef554830c7f0cb1c6
15944725,1668144959,LUSD-WETH,1967505.5,0x301ba374671f32d3bec73c2796a2b6419d2bdac5068119f0f441f78b37378abd
16010614,1668939899,WETH-renBTC,1963740.0,0x81f0514e69197708040ece912eb25d4fa7c9d9a92d79e01e4438c632465057b9
15991241,1668706175,RAD-WETH,1963294.5,0x2ebf515d5cd9b98e3e768a1d9ac22695aab8802f079750948c4e8ef33cb7fecc
16010351,1668936731,WETH-renBTC,1961867.1,0xc8f97a60558cb595797bbd08f84ed4c49e5e4adba64eaff82ee94f5a2fc8190b
15998888,1668798503,WETH-RGT,1957877.6,0x456703e3b91dfdc51de7f5eb352df36107b00a28532ab6ea36963a4343a88ae8
15826789,1666721411,KOIN-WETH,1956918.1,0xb5307956c611d14294ed35135897ee8bac51d86d53f840823280ebe7cfce6247
16000138,1668813563,USDN-WETH,1953839.7,0xef071af79bd402607cc8fa491aef850cf352e0709e9a793d6f140266d2507d9b
16024522,1669107659,CRAB-WETH,1950959.2,0x318e9a39a434219be2610ca342deb47878a416bf108370859f88e76ca5a8c5cb
16024506,1669107467,CRAB-WETH,1950638.0,0xdf1f923dde9a0d8dab764b9001a07e14743acb736f2bda549a667168e71f3078
16024662,1669109363,CRAB-WETH,1950442.5,0x664936f8df4b5c616064686de5744206d39584d2fa218bcfb43d958b4a2843c6
15931968,1667990795,STMX-WETH,1950293.4,0xb47b3e1e3cb3a68f66446b22c8f3b3879855183207413f0969dc198f5ac582dd
16024495,1669107335,CRAB-WETH,1950272.3,0xb5060b478fa0d6aa550ee90e8f97c77a4eb61b90f7e77216c6c4b0d0644a9547
16024492,1669107299,CRAB-WETH,1950253.7,0xe7047bb0274e6082dad6f6a2f9e2dd1d7de1d5799e7c14a13807e97e18e3d156
16024690,1669109699,RAD-WETH,1950086.9,0x7199098c4f88af7411d8ebacc4935bfd0b3d30893ca4946b4f974dc9beb1db09
15944616,1668143651,CWEB-WETH,1949240.2,0x13458fac00c4652c88fcbf0bd7fe561c075ff81729e8bc30a54ef6e1e42ac042
15961453,1668346763,AXS-WETH,1948954.7,0x1d84b1df8f3620e9c182500d0e3b86a9346857f4eddc86bb32ca80b3c4da268a
16017863,1669027379,CRAB-WETH,1948447.5,0xd337c5009961d58a67fec0eae021440e048fa7b83ea88135f200771d02ee417d
15989424,1668684251,DINO-WETH,1948374.2,0x8d712b4e7438688d3dabd29718746c1245cabaa5e99cd485247b8b9240ce0a19
15984820,1668628751,DINO-WETH,1947794.8,0x7c12103e53034788cf873f7f21d3f8af9e17e2320fb59d154ac6940f625e2385
16006145,1668886043,WETH-TRIBE,1947756.6,0x647fa7ea009e96dc69c831d981d1603c8574fc86be2f759f46b6f4fadf6d00b3
15998373,1668792299,XEN-WETH,1946767.6,0x976f290043097fd540b05133d916df9daf9c7b9d622f321022f9521ca16099c4
15989453,1668684599,FKX-WETH,1944911.2,0xe4c9ab78f6e9d2a0b49d5a81c1c0f58108f3a3f3234a3313b768c42af24a9dbd
16024869,1669111859,CRAB-WETH,1942526.1,0x6e4e15f458bbf640c141df7ec5f3916030a7161c8d0c1107ad004e171b9dbc19
15989441,1668684455,DINO-WETH,1940541.9,0xa4fda8b762e38875a353bcd1e727048d4d986790e74f860b4741717680aab3d2
16002751,1668845099,WETH-RGT,1939745.6,0x15a109f6a2e0b0f1f1c4ea6b945282c184fab59005894dbe4d6b89e18b92b67d
15834189,1666810691,$HQ-WETH,1939124.5,0xf40146a4750f10fcd23f07f870a65ec4c0f9dd51ea902112ebe8b621be1a0d54
16002802,1668845723,RAD-WETH,1938325.5,0x5c552eb6249b79cc6152b820f536b19fdcce2557f476f75227b176aaf0b1d411
16002904,1668846947,DINO-WETH,1937307.4,0x242fe76b9deb16026b618ae81c743dd27e81adc300194e703c4e929e217f052e
16003968,1668859763,DINO-WETH,1935786.7,0xf96380d7d55d85e949a912b1e990c5f624fa5ac3dba31652f840e55d761b61c6
16002622,1668843539,SHPING-WETH,1932412.3,0x93f2cd25efd3ab9353b67bfa76fd59ce7c9ece42114259cfa696c770eacde9af
15997274,1668779015,$FORTUNE-WETH,1931006.7,0xa46f500f1374612ccc1d35cd0f4804b6fb89dddbe0591e3451381b8e971b3114
15895957,1667556563,WETH-IMX,1930831.2,0xaba09830ac04ddf59b64cdfa4b0fe4bcb7104e32e9757fc24f906bc71a0a033e
15964908,1668388295,CIRUS-WETH,1929569.5,0xb9dce5782141aedc0f21fd5c840307b35616b66143f7997aa6951114859e48cd
16013496,1668974699,CRAB-WETH,1925216.7,0xd9c6dc0c70554404d10fa3d0e92ffe0c214485e9cc095c5af24787de0c99ffc7
16013505,1668974807,CRAB-WETH,1925187.8,0x382fcf0e204c71304da38b42134db5a595779de3bb02e027b05e046572fd4836
16013453,1668974183,CRAB-WETH,1924362.2,0x0e320377353cf3e36a2cef7a311b5026f06fe9f153aac40321e8922be177088b
16000775,1668821255,HBTC-WETH,1922878.5,0x99ebd53e6633edc3d8d118c8ae888814a0ee260426c3da54247d445ed7f3a6c8
15979783,1668567827,RARE-WETH,1922591.5,0xb2f6a231a3aecceb4d45e8809484c32a674e76f100a29662d4b4f09c5b807b1f
15840212,1666883387,BLXM-USDC,1917630.3,0xffa79f54baf663eaf04f3f90c9553fd6cc8d1d70348f6376846da760dc2008f0
15947369,1668176891,FTX Token-WETH,1914531.0,0xfee8f08b9f42feb42d65a92c60590fc6c05bda62b92cb61ad20b4620d94fa4b4
15959357,1668321455,ELX-WETH,1913588.8,0x5eaca854d044fd7f32d1bc3e728b0e0763092f62cfb1a3cee9fbe625e8e50cd5
15966232,1668404255,NEXO-WETH,1911316.5,0xd264d1a864bd02a1feae52bda208baa0b8c82d6af6bfa57e23b2f6d35e71a0cf
16013179,1668970859,CRAB-WETH,1910062.9,0xa1a6ec37338ff5f9e2f9cd6728dc6a7cb5d32a5ef57bcd07c3f53f60a7eb724f
16012959,1668968207,CRAB-WETH,1907766.5,0x333e7aa5e6d9ba333c4389ff87beb51bd4111429be4fc69c36e7b647c8bc9e5c
16012922,1668967763,CRAB-WETH,1907237.9,0xd2faa7694e991a99e28187d05f7684a61710846d13f7d27734f126325e941e94
16032701,1669206575,CRAB-WETH,1906640.1,0xc5ab7797f9e909f04a322bc3dbb5ef5ceea8d1d156bef3d8e2c76bc543ff6294
15966490,1668407375,CWEB-WETH,1906197.7,0xc03eace5afee50ac48ade369813357027649748e242212a0d73e15a3fe204445
16013639,1668976415,CRAB-WETH,1905000.0,0xc12f4b91792c7f820396cc1e9d4f77231fbe9d01d35ac05f6c84ae267173a66e
15839986,1666880639,LSS-WETH,1904212.3,0x18fd8020ea64986bdb9875f3636e3b5378ea72a205f8a228974423a0794f7a97
16011985,1668956483,CRAB-WETH,1901494.2,0x46e181eee5867012f69e16a92eb71ff0b6dc5736422d6002dcf0f9fb1af0f639
16032497,1669204103,DINO-WETH,1894981.3,0x1087a05bbaee6220728a0b070f019f202645304e16937ea52b85cb069fc2077f
15965054,1668390059,RARE-WETH,1893739.6,0x1792f01b2b34b0f17b35d7be3cb8e663e2a90776ce14c586df9bcd7c06ea55bc
15932673,1667999351,FTX Token-WETH,1893165.7,0x84bad6ff9eeb2bb8f89851161c7ff47c2470fe0f5a79793459c8b82c7711560b
15896885,1667567735,Risk-WETH,1890365.1,0xdb62db4cb651579acdcf0bf1ee6922581528b3ff701dfe9182570c325b396c50
16030692,1669182311,CRAB-WETH,1884914.9,0x7b01d5b7ef5fa3d0d7f207ab121b790b9bdec3ccf6bfef137847d48e68edfad0
15843591,1666924259,$TRUMP-WETH,1881133.5,0xb97bec6e5c402bd50717521b71ad108b31fb33d2a217cc374c0281903191170a
16029804,1669171559,WOOL-WETH,1880682.4,0x44bb135bea03cb257583f3419c0ade229ce75bd9a1cd9af4610f7d5ee9471606
15990216,1668693839,USDC-RFOX,1875674.2,0x63e3b73cedc83ea166633860d6bcaaf48b7cac5080699887a5e9b06f7ce7354c
15969938,1668448943,PP-USDC,1875461.4,0xbaa3de2dd9dff422a5b0577c3a6f0cb3ccb4acd9584969cfc0c32a379285231a
16025141,1669115147,USDC-RFOX,1875271.4,0x877c2bc995a5d6ee762d321fd48b1f865f71f5cbb74811078ed5897f5be51161
15935208,1668030071,FTX Token-WETH,1871800.8,0x174df172337fdce73c840d712f77185a9a345216ab0de7e4b5d5bc94ed344d9d
15933055,1668004007,WETH-RGT,1869850.7,0xcaae1db47e5a8aa751fbee147cfc084c71f769944ad9f62fd65d22b8ef29c580
15932211,1667993747,ethTCG2-WETH,1869659.9,0x60412412914ebd31da15914256ac1adf372a0fa6decb3bc0bec3732fd2893d67
16026849,1669135859,CRAB-WETH,1854240.9,0x470b936dc09b4081197c43f70edd8bd7fcc29bb05037fe008a6ec444d439dc34
16026763,1669134791,CRAB-WETH,1850018.7,0xd1d4ff1aa0c6595f38f4c50ba72000d33a4e0d5341ca56490dd2853191224d9e
15934836,1668025547,CWEB-WETH,1849941.7,0x5fd5985c5daeae17e3381e05432e8e3c09dcf64149a4d27249088f1838cc991c
16019213,1669043663,WETH-RAINI,1843340.1,0x78539979f2d7ba3f16c9e28f9ca17f4ce9d3dc4ea61563949b60f16e390d723f
16015107,1668994139,WETH-BOTS,1842459.8,0x076ff004e57ed85eb29d9c696e4ef9cc4e83e5c4b109f26b7c2abc0dc78b3216
15871197,1667257403,MTS-WETH,1839091.6,0x2e9fb4bd6a18835a8c40543d0a797b0ae5a85ba72779590cec464a76242f5671
15934943,1668026843,UBXT-WETH,1839028.5,0x939fd40561de614f2a7f453aceb266220a4192a48a98bbb6e83ff1cc4e2c2b61
16029269,1669165127,WETH-RGT,1838095.6,0x0c977317301fcb7de267383fa356177e7b0007363e98e87a332f57b94651d9c6
16018014,1669029191,WETH-IMX,1835296.6,0x9fe323aa814f8427cd9a353e21d13a084d58913293cccae611c3eac0cc192248
15933597,1668010559,FTX Token-WETH,1825256.8,0x05dbb979df7e2c23c7d55a805453677ad5cdfd143fd251fdd14dddaa707e2373
16018236,1669031879,CRAB-WETH,1824633.5,0x5f7508064fe998b7c7036f696685fdd6dacaf19d58e2d08cb95ed4a102cbc0f0
15933916,1668014423,WETH-RGT,1816453.7,0xb967b58b2501d6e9a0246c6bb0aeb6088200b5bd493c47e611f9a0d8d782a225
16021602,1669072487,CWEB-WETH,1812720.4,0xb9304863a47cffdfa8c273c1a1ae1babaaf8ee3f3bba06d116a9efb5ed0e5a45
15946818,1668170243,SAKE-WETH,1810473.9,0xa71962a4f0c3428af5e6e7a588c9235e35fd4725902c185345fe32aba530b28e
15935739,1668036467,WETH-IMX,1803139.6,0xb19104c825bc1a769d3cfc244cfd456e9df0dc8bb7f33c1a2e24345ad94ab72b
16005983,1668884087,BLXM-WETH,1802516.8,0x5b5f0ab5c8b9b1333399bf55795978bf90ea9a51f774c2a722f87367e10be84b
16015363,1668997211,CRAB-WETH,1801173.9,0xe70bd0081051409ec691d613161d9466eac77d4d18255c1396ca8d9638337d2f
16021996,1669077239,CRAB-WETH,1795416.7,0x824689ba6a461b2462368b4946f27d004f6b4bf10fe975482f015487fa433581
16018177,1669031147,PANDA-WETH,1795354.2,0x8f79bae33271f43c68a533f0f1b1a0b11980babf2a0c376632ee185743507622
16015912,1669003799,CRAB-WETH,1783887.5,0x31e0e01c86af912f201cfd66d5a6a91323ece0941f8ec5ff7d90ef839678899d
15957719,1668301691,SAKE-WETH,1782858.5,0x7d88d4a0ab7948c76b7bd01176ada8372a8e0bfcde3e77a64de14a7e8c57f447
16025036,1669113887,CRAB-WETH,1771443.3,0xc15852156104d23f4844d7df728a1afcc4f4205f00430fd64484f44f2c2075a4
16024657,1669109303,CRAB-WETH,1769729.3,0x01f5018294050e2fddfcc583b303432964ef4906564d4b5d5ccb0d8e861b6400
15823452,1666681079,USDN-WETH,1769220.7,0xa73f46f97f907b8d16074be77e3ffaabf4f436799a1c9136f41d91de47b81e77
16013227,1668971447,CRAB-WETH,1767612.2,0x0587684e37d0143153d2b1a041941611b4882ccd8945a98cfcd1c69ba4a1a3b6
16024361,1669105727,CRAB-WETH,1762468.2,0x3b499ef366509136e703572386bf01adf94832cfacb1d46e59d1a054faf88265
15821564,1666658351,WETH-EUL,1761429.8,0x4676562a0c2ac9faabd08a54d6a0d34ad1cbfa2edc2566d0b377e2ceb75a70c3
15821479,1666657331,DC-WETH,1761424.6,0x67c1d3722242bb713129772ee0892111e3cefccdb79a1f08e542d129d004654f
16020853,1669063439,CRAB-WETH,1760580.9,0x8fcbf95bcc8d6dd09c7eb613feb166dfcc0b061f6ce0a4f1fabb2f4c1c7f1427
16014463,1668986375,CRAB-WETH,1760212.6,0x2c86d3d77b42e0e2036cd4dc641b0f4c5937212ea80ab6dd8dbd130a6aee3aec
16023787,1669098827,WETH-IMX,1756548.9,0x3bb3e96107e356cd3c3e14ea626b3b6fba66bca6108d3647a94d21fd803384d0
15822260,1666666715,USDN-WETH,1755992.4,0x430fa38550a7a6c7d2239c94e1215bd55492dff4273c7f853928feed126bd9c9
15822032,1666663979,USDN-WETH,1753520.0,0xa17c0c42f5c009b235aa6a19439fd34b3b35be9d48dfcc7e21d7f13b39229ee6
15820308,1666643075,DC-WETH,1750791.3,0x10d4932066d010cbfbd1644d9470a4964195a89df2ee0852656a02421b1cb02d
15839006,1666868759,WETH-CTF,1726309.8,0xa635b725eec63c32ba1b19f1784d8017d895cf915de58bf615b9ffe89ee24d28
15940715,1668096551,FTX Token-WETH,1724445.0,0x30d164ebcf8ff6b68cdb424074bfe161db4d2f09267be1a5cb59a1e5321c82bc
15811009,1666530503,LARP-WETH,1719493.6,0x2123c16e1ee3becf932d615eeb5f269116343f21ac25c3ea1fd9ec6c7014b01d
15880879,1667374511,CIRUS-WETH,1714620.8,0x009de0de24d151722a4d0c3b73615db881d4a90db1a18055be58d26933c275c7
16015143,1668994571,CRAB-WETH,1707511.8,0x2ef5cb4675b9489a1030d399b3d128792a88ae257c02cc905896f1b5f061b84f
15808395,1666498991,KOIN-WETH,1704987.5,0x883d35ec0ac669e35b6f9032241706289bd95bd13138eb2b1278868e40067104
15935639,1668035255,VOW-WETH,1704298.3,0xd549ea83059381222bd76d55ebbf584efeab76c3b4186df496f06266ee40c267
15896722,1667565755,WETH-HELLDOG,1700906.7,0x6a6cf8217cd771764d30268562c1ed0c93043b4549133a8e0226fffb4f70368a
15897246,1667572079,CHALLENGE-WETH,1690398.9,0x4b0a6adb58fc83d01e5db7242a67528ee090c7d4e99c24e44911cbbf9c8922c8
15822230,1666666355,THE-USDC,1676538.8,0xaa859050b5b175edecb8b4d9c7965bc1babce6f274b8b1b818915c84ac85d6bf
15803580,1666440863,BLXM-USDC,1659280.4,0x19273b0dc6057e31aaaf5b22780ae6841c990687a8bf0d22c79bbc3baec428bb
15995971,1668763331,BLXM-USDC,1636311.1,0xf8ff31c657ea21404453c704b8219709a6816ad9fed8c71d85efe9ec0f9f6ddb
15844144,1666930991,BIRD-WETH,1623458.3,0x5dbea95d614240c944caac4b453c96e5b77b19ffe4ffe1b113866f245080a18b
15960322,1668333095,UNIDX-WETH,1594081.0,0xb70baa327c58f8da31d448294e9d4648d5fd350a8ea08e0ce22e9e7fbe944130
15999386,1668804515,WETH-BTRFLY,1593648.2,0x478469623658c2443152207295880a9550b12e730246f2da418d9f6eda5b70a5
15866364,1667199131,$TwitB-WETH,1566958.0,0x1792f3a326340dfd584267f2604e53c6e3eb5bb0643826d8a4426c370e1bf946
15831711,1666780847,MINU-WETH,1560905.9,0x69f79ea184ae4e35231c69fbadc401e4dfdb922e5f9828327d63b7c583afd7f6
15945422,1668153347,FTX Token-WETH,1560597.9,0x35a5ad7548f650fd25e569ebe055ecbd16ffc9e73695d20b36cb609fff6fdd19
15884480,1667417975,HELL-WETH,1547461.1,0x0a45a5a17ca5ae1d842eee81b9c0b3a2d10ba27dbd8fb15c59bb45bd3f146644
15884468,1667417831,HELL-WETH,1542283.9,0x38bc1631a561a2617d3dd5c2cfd7ca3881002e80331bbf0d78965ae592acf494
16016998,1669016903,DAI-DYP,1541604.3,0xfc491e274f321061b2119ad8f84dcce66137a6693453a03226ee6141dd9375ef
15991079,1668704219,DINO-WETH,1539714.7,0x89eec207eee79fdab280806cdb226ed3e1e95bdb17b7a8f9e34e19a618751d1c
15842158,1666906871,TACO-WETH,1519319.7,0x4e270e6116981a57e16bedd348054d8d8288caecc7cab336feaa2dcd92ab155e
15923421,1667887703,HEX-DAI,1516543.8,0xb549fc552e3ff8591399bf380e63f18c7801d0cf6e7c4ef89198f93155725a16
15875952,1667315075,LMEOW-WETH,1512998.6,0x457c5bf509dfc7f9f9a953fac4ee88a64cb24454aa2b49ccc05296279c91e001
15889062,1667473211,DAI-WUKONG,1512741.3,0xdaad0d052fc5dbceb28149d5514ed3d4c82b665b8041bf6be7148cebcf349f61
15884246,1667415167,HEX-DAI,1511910.5,0x02c979282a3e58aef5f876211bd112996ce6820101441844ea5604fb00a5cb7d
16031763,1669195247,HDRN-USDC,1509977.6,0xc82fad56e156dd28dd14d641607253d57eb1d7f8ce600b47f003af2b5306ebfb
15824917,1666698695,HEGIC-DAI,1508778.4,0x32a2265c362ad5f49d1f0bda99b5ab5a0dba459fadd2b6d40fe56a1f0d1daf70
15824985,1666699511,HEGIC-DAI,1507207.4,0x75a3b04817ed535f660fa952d811fb7b88892b2a72370aad07b27cd503248096
15825354,1666703963,WBTC-WETH,1483996.8,0x55bec916dc35ca54c77db0eaea424bff865f2e659ec5437ce44ddb2c7776029b
15825354,1666703963,WBTC-WETH,1483391.4,0x1c8e10b4fa1333177f285322f250c7f26e4c31c91de96abb811e5f01d51816c0
15936502,1668045671,WETH-KEYS,1481603.5,0x7a26325dc1cb65d522cc3040e8ed959151d2de724303f72250550a058b726ac7
15825346,1666703867,WBTC-WETH,1479321.7,0x6e777395543a65bb4408d8470243d5b38ffde9815d56f44b64d0b29488f9c59a
15825346,1666703867,WBTC-WETH,1478030.5,0xacc7f64cbff7b1a83d973235e646a9c67b50bd30a552d3a02f3ce775b4505de6
15936502,1668045671,WETH-KEYS,1476431.6,0x55868be97a497d71bbef9b631d95b9d7a29d06c91f7750ae5d5b8d4e82ba3e60
15931886,1667989811,USDC-DOWN,1474347.7,0xc0ef25e5732a8c79ad422438b7c743cca2b7dcd33cecb9b755a4ba8100d2873e
15931799,1667988755,USDC-DOWN,1472590.6,0xf8df2c05f1d560adaf3325dbad0a143d0cd99860c35326ecf7faf24b1b49667a
15931698,1667987531,USDC-DOWN,1472385.9,0x6458cdd591442a7f8f7963b9f92b93003f4e8eea0ef89554d10c8fe286ef0275
15909682,1667722079,GIFT-USDC,1472187.7,0x6ca99a50f7ecfbce6442834abdf416a6b3f703ad2c4056b34c0b1b9142c56e74
15931711,1667987687,USDC-DOWN,1471933.3,0x3fe01c35f4c03c7de020613bb30a280c718738841048de5093134e18323d4b68
15912257,1667753135,SANDRA-USDC,1471486.6,0xf5b4ec8da4941617796d7b06f3e4ceae1c60a0b4df7de04bedd80b2ba6f3fb8b
15917574,1667817215,Resolution-USDC,1470841.3,0x2ecf1b0c3ddc031a78715f886ed45ff2cc5856eae2d9f96f40b971d4a83ed4e3
15849452,1666994963,BIRD-WETH,1468484.6,0xbdce8e1fe158940ba6a8607205a3edd903dce79a0c52808f73af0c06369e1b36
15954023,1668257183,PAXG-WETH,1454041.2,0x87880da720f28817c51b4ec24a7ba63107c198be99913f4f22cc9ae591e058d3
15954057,1668257591,PAXG-WETH,1453127.8,0x356d621374cb756578878649567a63a9a2721e716df394f58108b8b9e6e7c0fb
15998274,1668791075,WETH-LOAD,1451145.2,0xaffcf27fc192571c02f12f6dad3ebafb7794666a74412d97d9e3a2bbd24e2d13
15954014,1668257075,PAXG-WETH,1449685.0,0x21dc4a81672f39d28502cbf8abbba859e3f51a1d287dc0078156065305bb7fc6
15953984,1668256715,PAXG-WETH,1448382.2,0x52fd904ea8197dfb69b90fcbbd7c6329858733b0e8214cdbde2fe2ead8b1e7c5
15954023,1668257183,PAXG-WETH,1447039.9,0x35d26d85c542a97bfd0fb3166818fb96f8e50b1f14992e45e852a1cb9598caf5
15953996,1668256859,PAXG-WETH,1446488.2,0x4c7b801cc0a88ab666cde09ad5cd8cd469b8a17260c2122d006b1eb12b42ae69
15827361,1666728359,MEME-WETH,1445578.1,0xc3a6e55db4ee09439b084041032e05e6263b0e7663e36066e802e5c84402ef26
15954036,1668257339,PAXG-WETH,1444856.1,0xee63a4b56f3e71927b3ef047fdbb9c3ee5df2d3d61a4e95ab83d603127be9b5b
15954021,1668257159,PAXG-WETH,1443944.0,0xde9ea506d07d563336ffedc8571c50ff1a1eff0945a54427bd823d4037a69798
15954116,1668258299,PAXG-WETH,1442900.3,0x9a7577e5d43cff354fb9213a18a04c1028a1c488f237bdb3f9617c9b99f3442d
15954004,1668256955,PAXG-WETH,1442841.1,0x7e9ae43ab4d8a385944406da8f707a13aedb12f1d7da8d24d143fbb64d02333b
15954168,1668258935,PAXG-WETH,1441106.7,0x7055d0a42de492580ff9161c323eb0bba87a9522e734176f03582e0c050e19d7
15954007,1668256991,PAXG-WETH,1440039.0,0x5f5e94b8d224cbc76a281dbdfb5d5a2b0a4e7cc83c66e4f3a5cece508e7d4f7e
15954047,1668257471,PAXG-WETH,1434205.4,0x5816c6f2d20c5696ebe082b20a37d97c58b0548d2ab99524500b37a0ec476d38
15954066,1668257699,PAXG-WETH,1434042.5,0x8327d747ed4145b28c716df36c3d4dcabe3acdaab4a9b8164d8074a57ac4cbcb
15954072,1668257771,PAXG-WETH,1432633.1,0xa737ac5416acb7b8e0bf879d88b19f25f714330a90c59298913088e0189de7d9
15954110,1668258227,PAXG-WETH,1429626.0,0x87528adfc5e121a6779eb42abd6c90118dd5c9fa953e4ba3ff3b871e2014e08e
15954030,1668257267,PAXG-WETH,1429477.5,0xb7e50438d62e90a5d81ec9510572cb940aea211d2e4353948e28f879032280f3
15954120,1668258347,PAXG-WETH,1428353.9,0x6699da24c15bd03346c1c9192f594c46776c75d5b404dcb2954793d03fad6c86
15954105,1668258167,PAXG-WETH,1425878.8,0x98f080da43f2f6e009ecda11993ab226e6246988d2b744b178443a8ef313f900
15954101,1668258119,PAXG-WETH,1423223.4,0x5febcf428cd6eb32b7749b68caf3bba84ea956bb765e0762bcf66e4a35f35e10
15954093,1668258023,PAXG-WETH,1422745.5,0x43ec98d3dbdbd7e021eea97237c8a0641a8d3d4cbd6a3f38c7c11a83a5fe62cb
15954085,1668257927,PAXG-WETH,1418455.9,0x677fd27cb55793c9ce25ba20f9d16971268e2a4a1f6e350181afc3df0e85e316
15848587,1666984523,YE-WETH,1417621.4,0x8d599ef0a4cada17ce62a11ec13382a70d5c2d1dfba5a2ec46e234575797df01
15983327,1668610655,GC-WETH,1409274.9,0xc80ad73f1ee73f57288bf05aee31ce792b87525b88803399ce465434193a87ef
15902529,1667635751,WETH-RGT,1409026.0,0x724866c9ee6d74c2ce148438589372e420a4e628d33279b0ddfd34cd70e6f8b1
15898907,1667592083,XEN-WETH,1397311.3,0x2357ce5b7323c0843b96dd64517a8263ef83425bb04a4cf2f58580e6b7ce0cac
15897411,1667574083,SHIT-WETH,1397198.2,0xc3d7e9f9791f9b0c3289529387b001ebf3a4dd5e138d5f5f61fa9ea56c672a4c
15905757,1667674787,WETH-RGT,1394564.5,0x9f508f40a2c91c215bac70f892479228a9c0dab81faa0335301d376740d51c21
15905804,1667675351,WETH-RGT,1394492.1,0xd029260c57a02cc06ef54480204f8e5024254b3d59583df2171535cfae493433
15891703,1667505239,GOO-WETH,1392731.6,0x3e52b509c7a8d746c1772a06b9a8518c2121981b46440032108c0bdc140ae333
15879822,1667361767,$shinyou-WETH,1391968.2,0x6089d82430ddc6ca9ccaa5ad42e9346440bf505a85635f87e25d7d47cc836b9c
15920822,1667856371,PANDA-WETH,1380729.4,0xbc24a451b6ca0e296f66c1a74f61740a4cdf0a24e06712438066ae85b61333e9
15898505,1667587223,WETH-RGT,1379345.1,0x1c106f17f78015e418960748337025579ba04933309c6cc60c8485de241aaaf9
15889242,1667475395,GOO-WETH,1378757.8,0xa26bc2972bb27a7b0c6145592ca5001f51c159c013e7b6aed79cf6b12dfa12e0
15886638,1667444063,GOO-WETH,1377642.8,0x2a98137b38c2d19443c4d849ca4ea89d0669c6fe932beafe33544c432fab43da
15897807,1667578835,LQTY-WETH,1375302.1,0x49498c06f98a58a798be181f327400fc259bc5c6d771910eb77bdb82f6210788
15897043,1667569631,WETH-CHALLENGE,1374018.1,0x5f87768feb5b0d51b80aff1f0c8ef62fe2fd0aae98442a550ea10252b6b3a315
15879513,1667358035,XEN-WETH,1371833.2,0xd9db12bfbfe672c41ef9ea9e92ffcc5849037177e7346bf02f8e3b760fa0b82a
15926596,1667925935,WETH-RAINI,1368576.3,0xfaf8b8fc8fdb54bc527ef42633bb9cd24755ff614383452168961d02a510bf49
15913552,1667768723,BAL-WETH,1367714.7,0xa3020196730425fc806c2b34f8e16ea66fec7feaa093af0456006d2d32281bc5
15912389,1667754719,WETH-RGT,1365673.3,0xe22656656cd74b373912fc0ede216d03777bc494fc198f0d2e6e5eb776b76c91
15913191,1667764391,WETH-RGT,1359195.2,0x8ddaac03f4ea379f2318c110d7d29915f1e8155b2b30bbda7c990677d6ee9859
15919549,1667841011,TLOS-WETH,1359016.6,0x7c5d021a17b5ccf86e64ec27e8e7a90c9b2d9a9b0d66ee873b7105010449c500
15914980,1667785931,GALA-WETH,1356285.6,0x816354a845e2fe48477298cf6c69e40be2a916c7bbe8091775de3b4a4a33a8c7
15872411,1667272043,UNIDX-WETH,1353513.6,0xe68812d200bb45208f03fa95f0f165397e66325d3d37801c00dc638658454c32
15861878,1667144963,DC-WETH,1349191.5,0x89da327bb7cca2a2fe92e52c4a9b5364769b0893ce9ec2e5dba69a2ef4161be4
15862049,1667147027,IDLE-WETH,1348317.0,0xc8a0d26705351f915fde3882f9df82bddba372885e40bbb9ab8b51bfdf8f5311
15861919,1667145467,DC-WETH,1348081.2,0x4c6d44367683b349b0a89c2596c3a0d1a088066634dc36620840be6c9190bf07
15896938,1667568371,GOO-WETH,1344084.6,0x185138cb35780c9aa9d6b8dbea144af0a11956eccf23aaf39c79a5b37e40123e
15872741,1667276075,UNIDX-WETH,1342966.0,0x9d776a6564346dbc8d9db5a4d35f6b51f97a7675e44374c04b842d5a734e7ce9
15895916,1667556059,RADAR-WETH,1340802.3,0xf62655969bdb305494ebeb7068d6e96f42f8fe3943f85392c108321dbd192c15
15850780,1667011055,UNIDX-WETH,1337171.8,0xc6a84e402bec50a5d72e2a7862aa904aa48379d250e49751e6457e76b094dd0e
15914577,1667781095,WETH-RGT,1336864.8,0xc8e5016adbdc9a10da7d0ed020e258ab1c708b51b5f40ff661405a189f364d8b
15835546,1666827095,STMX-WETH,1329298.1,0x81514d2a40946b95804aab322764045c2b50b2672f1e2c88914c121c570faea0
15809167,1666508279,THE-USDC,1325955.3,0xa12a1b730374f164062669acacd36cacb912cdcb921e9ceb599b3c38516739a9
15913540,1667768579,THE-USDC,1325917.1,0x7ce97729450412ba834f402d73de6e0fadfe28e9e3331ebc2c33ba0677e2dce8
15924845,1667904875,SOLVE-USDC,1325784.0,0x0bacb0be785bb95e27c963919ca6543df2158ba219413a505ff41ea9aa350c4f
15908812,1667711579,PRQ-USDC,1325726.3,0xfe2fc5ebb75117e63b74a02ef461d1eac68ac1c82c0d58bf4d10709f18193797
15905711,1667674235,THE-USDC,1325455.0,0xff4ca1c572097d67aafffb11163dd80f3c8127f09eaab6301836caeca9e12ee7
15905705,1667674163,THE-USDC,1325377.0,0xca9fc070e0b4897cf0c98b0aa7e7ef08a63a8e5efe64eb88b7143278184ff656
15893638,1667528543,XEN-USDC,1325282.6,0x90dd675cc5c1b714f4687c216cfac80b2a1d804c7678a86f1e07cb557ed86465
15886752,1667445431,XEN-USDC,1325228.7,0xeb8d839178c1ee44bc6ce14e4c07467a598f2ad7c8954224faf63c70a5dabd28
15886153,1667438195,XEN-USDC,1325214.6,0x4addc39ae76341bfc49593216fc3670c2b38a9acf1db3c78dc0521a1f91254f6
15901317,1667621147,THE-USDC,1325214.3,0x6b6580ce8f96f4a9517922b13bdc809affbd80e349ca63923414bd1740dc75c4
15821762,1666660727,THE-USDC,1325026.8,0x3eccbf2d23b53bd41a2c245ca3ac69efc9db667bfd7e98d6f9660ba95c5681a9
15870323,1667246831,WETH-MFT,1324805.9,0xfaa654d64880396311abbb7ebb59445f21855c27a0e520b71617ed5790034f20
15897517,1667575355,AAVE-WETH,1318444.3,0x61e4f7c30e97788c83ee0b6183a1a597eb805ca7a0cb4019cfe745f7c5debd62
15999365,1668804263,KOM-WETH,1314050.5,0xc659a9aedd36cc2e4db4c15946a750e4d447b167b317796cd620d89fc827b688
15927680,1667939015,WETH-FTTINU,1313255.7,0xfe7b452407e066af82ea08ce9da6e84627ff4d620e06de9c6579533bb3eadf23
15898832,1667591171,XEN-USDC,1309429.9,0xc87b9df3cc7b231ffea59d2771e071c440b02f38c00b30063d82a8cedfa65952
15893646,1667528639,GALA-WETH,1304949.2,0x9f85d3347734f945ed70e14be1b828e98b09268ebe657e0af066f385a03ed677
15834179,1666810571,GREEN-WETH,1304048.8,0xf71c5c72aafe6cffc82e3ad2631528e854096739106bb80915519f52f054f696
15833514,1666802555,UNIDX-WETH,1300411.1,0xd9a7d715fb207d391276fc7e69895c8ffc444950be484bddcbcffd8ad1b60834
15894112,1667534303,GOO-WETH,1297746.6,0xeebb0ac8fb02a411ab881867c7816b08d738bf0cb23b1be1f38bed9b217ddbbd
15890299,1667488259,XEN-WETH,1297411.1,0x10333d41a9322538ba3788c830df7801a3ba06c0b6d85adeca9e6aa4b36135e9
15883664,1667408135,XEN-USDC,1294739.4,0xe693989171c253d55eb16505f0a9552bf2a83d5f98f813ac9e0be6229766d78f
15812290,1666545959,WETH-DEFI,1293958.8,0x1cf11dfa52ca9a4efdfd1c46efae44a252c346556084ba5776cf2ab29541d420
15892273,1667512115,XEN-WETH,1293130.3,0x12908e440f7ad9f775afaf9a6f2ac7163dbfbaecd8f835292e894b496fa15c4d
15893505,1667526947,GOO-WETH,1292481.3,0xbd5a0c94f2492b83c742115400042f65d5fe068355164b368702873de26893cc
15893608,1667528183,GOO-WETH,1292469.9,0xda50e0d211915bbf8cb2e5054dd6e165f0997ede8e5f7dfa264d832be5b7c9d9
15893390,1667525567,GOO-WETH,1291585.1,0xec1409e26411a527e1089279d0e516bab4b9a861871c2a23edbaad9e173c00d6
15890396,1667489423,GOO-WETH,1291401.0,0x7eebfedbbe095c7a4f612910549a3faa3e380a3ace6e523c87e917fddf8b8b33
15989531,1668685547,LQTY-WETH,1289012.9,0xa0013deabeea64967882dc2418009fa36913bf19fada0098f9194b01e668bd27
15891284,1667500175,GOO-WETH,1288761.6,0x0b98ccf41e2c2e7c3beeeedb1ac5134fabea697f509e211d871b0a145c862c39
15900689,1667613575,WETH-RGT,1274939.7,0x8b1f21b5cdae8de9c2354adc8e167a505f7b2d22b8076a02e1ccc958df441350
15881348,1667380175,GOO-WETH,1274911.1,0x945515fa65c96bd8393dc349106e6804a7dad10641e78d61a744fe3c24e7244a
15902275,1667632703,XEN-WETH,1273057.6,0xdc794a01bfe94415aeeefe311dab2b4c0198ec59a337d5fae16ed7b981279922
15901970,1667629031,DC-WETH,1272617.7,0x71b94c559434e36f40d392438b6fdaad941a5c2ca4c993941bf80d34a4269cf4
15899881,1667603819,WETH-RGT,1272231.1,0x4545849a83edf89b639c8fc904dbe2c38f25f91813ae41f9ba164c823b6ae79b
15925846,1667916899,MAHA-WETH,1270482.6,0xb94a67fb02c310a06fd1d652245e3799e4038c3ca25d3cee48823aa02f00dd6c
15883348,1667404319,GOO-WETH,1269938.4,0xb9aff1dc47aa89a25e5aefd921802cd8c404acfcd6aac704b0b30538be835c1d
15884405,1667417075,GOO-WETH,1269783.1,0x68efeae8a559b8272e43d9f12175801699662ad8cefa4b90726d22e4dcec0a86
15883202,1667402555,GOO-WETH,1269140.1,0x5bcb976eb1314c0d94394aef1329e23467e0a8a786593da4e4670389a8eb1741
15881546,1667382551,GOO-WETH,1267273.9,0xc66e94576ddec16fe43e18bf3f9c835d845196199afe6e58c749de2153f7e682
15899309,1667596919,WETH-IMX,1266228.7,0xb9a071c19f831db3015329f2c2d4c97465e09f0dd34d547b267c825cf0a01c80
15899793,1667602763,WETH-RGT,1258084.5,0x7ad1b42620da4174b5e16e5e3a8ef4666528eae67823967955fa93ce77400065
15904593,1667660711,WETH-RGT,1253469.1,0x8acc20a8ba8d0c91a2c31c260a435df6551293b8eb85fd898b99c66b2c8d41a2
15904840,1667663687,STMX-WETH,1252396.7,0x4cab8979e61f2683a2209e0df28197d8dd610ac35d145250d2e34173372c814b
15906576,1667684651,WETH-RGT,1252134.1,0xd361c389c0aaed4a9c17e8c5abeebb185ab36111d76a9e0800172c37aef356a5
15923337,1667886683,WETH-IMX,1246713.3,0x913d10dc8f949584ff9ee008cdc9e8561cd5d8f39476cb409c73b95eefdc5536
15885440,1667429591,GOO-WETH,1245929.8,0x9f9181eb99ed42818377c25d18ea241a084fc5e9002bdb66c7c57ea4da7ecefd
15855611,1667069447,UNIDX-WETH,1239829.4,0xd2b3000fd3c30465379a9dfb16efb2676ea4ff1d58631018be6f5f85361a257c
15828752,1666745195,KOIN-WETH,1234960.4,0xb9209545b934142ad2cdc296e829210c7a87a5d572bd3dbd6f9c8ad3eb37033b
15829310,1666751903,WETH-MFT,1227575.7,0x2b8543392b937d6f2598ec9dc3635d2d4185f1c13bdd608ef37372901290813f
15861861,1667144759,DC-WETH,1226788.4,0x82eaa07a2fd0475c10a686c0e9e4ea74411b1e9ae4752a30dd7f21e82f8c5778
15880101,1667365127,XEN-WETH,1224220.0,0x5a76861add9ca70983f91d485c884a685e6b06a9198b7c6b04f5645fbdfd592e
15879012,1667351999,XEN-WETH,1224073.4,0x5648ef621e9bdb60954b0702e980fb9d436e8278856089f19ba3329b0e28b35f
15861937,1667145683,DC-WETH,1222835.0,0xb62cde446b48361fb7b6a17390a176035889cae68b85a40721ec63f5d2252d7f
15852317,1667029607,DC-WETH,1222474.0,0x7b833b03963482de988f9855859dec616e1030ef6edd588ab1744cd7478dacbd
15879522,1667358155,XEN-WETH,1219100.3,0x7538ab2646f586bac7408fd6455dd7ad76096d2c3b7c809f8dfe10b7c360ec96
15879216,1667354447,XEN-WETH,1219003.6,0xeb3f0e52246fae85f828646c709e5799b9bdd41b89906496a91d5191c19fde54
15852252,1667028815,WETH-HOPR,1218933.5,0xefe4c2def78b9cd1167d31da2420a3748a55a396cbdc05ce0df202f22d533c49
15914227,1667776859,WETH-RGT,1217677.2,0xe8a77f3d4afdbee46ce90334cf4ef4082d48064b6f28485c355ddf8c50cf43b2
15879496,1667357819,XEN-WETH,1217112.9,0x64f854c5d88fa2f36aa907dac2d540a78f34f126ddb4a674b7407b657fbe70ec
15878583,1667346791,XEN-WETH,1215308.2,0x633c64bb03057457d5affcebc9dae9c26e83a6a93992ab9b3ae3cb72fb7b2223
15896251,1667560091,RND-WETH,1214426.7,0xf4b7660aab710d9822f44092a50b65a6ee440d2dfa6c5a0b00fd49b85354ae07
15872921,1667278247,SHPING-WETH,1212207.3,0x9b3561399c9482ca4cf5793622e81842b6214f8cb647a97829af9764d4df2a3d
15895284,1667548427,GOO-WETH,1211952.4,0x4a130291a0e725b0d795bfe43aa67b9bb5c672bd3f9d7461be186153a14b0d5f
15880688,1667372195,WETH-RGT,1211654.6,0x03695eaf4b2d9f7b4fe79b76e61d08a0ce9f44b942af6e4e66fe20c590c9cf68
15878975,1667351555,XEN-WETH,1210051.0,0x4b7ad6ac9bd3f1541d8e3bab7c818ad9149c40f2dbfc546fca42a41438dc3ba4
15878310,1667343503,XEN-WETH,1208615.9,0x83c1be72053a4f3f1fc3a56254ace43576cdadeccc4316bad02d37868e6a148e
15868522,1667225111,DC-WETH,1205478.1,0x30fc34dac3a6689204dfb0f2ead53e95e16a1bdbd771a6fd7f432088f360a880
15842329,1666908947,ZHU-WETH,1202391.7,0x07a1af173b4eb82fa68c840dac6822e81ac3229c5c48eef467daae822905eb8e
15881510,1667382119,DC-WETH,1202319.3,0x0d5c1fb36b0126e3812a05e2d4109e8c00e92ac7291616d3d1677a9f195f9508
15983274,1668610019,CRO-WETH,1201511.8,0x619d3545d03ccc94847392d96c193a2873b8321e22d01a81a6b6a8e5e69d28ac
15882877,1667398631,XEN-WETH,1199091.3,0x5feec893eb517766dce09334d6c6c86329171455f0a1568589c845fc30a6ac63
15883745,1667409107,GOO-WETH,1198395.1,0x27c5323e968bded7853b4281307ca56e7741741c321b86281c0ebff5f7ee2a73
16026880,1669136231,PLBT-WETH,1195085.1,0x361467fd37f324d67c0a892f2be2d68b87686524fe22d97041eeb4040b1d0bcd
15879212,1667354399,IGG-WETH,1194815.7,0x304f3958800633a5a464df9fab9dc1433c93eb25b868ba200238f6226c6f0301
15895825,1667554967,GOO-WETH,1194318.7,0x8de7a180d1a05414091ca735450ac6a565aea1c52be2e619ef8204c0cc0315ff
15805392,1666462739,BLUE-WETH,1194278.6,0x55fbc36bf2c3daf7a396e5afdcf1abae0cc2c24125fc556d803bd67ca579bbb4
15851411,1667018639,UNIDX-WETH,1194224.9,0x437b5b7eed755090702207389d63dafb18a48a412ef3ce608a7c6768809f175f
15894698,1667541371,SHIT-WETH,1193747.4,0xa494d4afb35eaa295b9b9bd91fc37a83683229ea5403086d164338cc037645ef
15883286,1667403575,GOO-WETH,1193662.2,0xca700bdfe80d635a0cf60845a93a21439eabbab190c437a1b5bc68e9c6c664c9
15882853,1667398343,GOO-WETH,1192736.6,0x5d1817901f0e7c253c1d977ab4d6f972fb8a77107969f6a3ddee5d7e1add7a99
15882584,1667395103,GOO-WETH,1192539.9,0xc10192e501c2d3d97f2283b2c9003bd27292b0b9cae2bc2d8c85d48da695b948
15882367,1667392475,GOO-WETH,1191933.7,0x7473dbf967fc000c6b888deb870a98ed93fc74b13c07608601e695565526085c
15893657,1667528771,GOO-WETH,1190966.5,0x0a7818c7cb8255d94eb3ea6335681721aad13c9afd34e998f589f32eac2ccec7
15891785,1667506235,GOO-WETH,1190127.7,0xa16b6344ddf405d0d53dbba994df8b105a52058a58935b17307618eaedc5a1ed
15894694,1667541323,SHIT-WETH,1186847.7,0x408aae1b210c2086afb59fdd3b081a56ba91cbe7e6ebe98adfa146af78282dd7
15894116,1667534351,GOO-WETH,1183169.1,0xe3b3aeb1829e9c94834897205809c0cff5e3e59ab2ec6ccb27ea847c69e4d429
15886871,1667446859,GOO-WETH,1182973.3,0x1fde152569f6704c7b4753b7f5138c2c4886803d7033af414e844eb4228c8455
15882561,1667394827,GOO-WETH,1182530.0,0x62d7b4150af1fb138ec1bd4d70ed948591fe275c0f692458d7916c6bc6c480a6
15881667,1667384003,GOO-WETH,1182210.8,0x33870a0ebcfe6f116a0bd44a830fc7f73ab1f144f97238d313a2f7c622723354
15881640,1667383679,GOO-WETH,1182206.9,0x5a0d10b0ffc71b78cab29a0bc4370ff6ebcee5accda2c0e087d9f7787dc04151
15914527,1667780483,WETH-HUSD,1176619.1,0xe5d9e29a00ed6034bf0b48eab00b1ae95dffde338606d71333fdafaa5ad872db
15893217,1667523491,GOO-WETH,1173844.3,0x4623778d6d16d03c8f3b33849adf2b50ec4a7bb6167cc899b7018d951c5ca1c2
15856953,1667085611,SHIT-WETH,1172818.9,0x17560ca27cf7375f9a01b742f5e4da8103329f5da330ef3d19035ac24a0056ce
15831125,1666773803,CXO-WETH,1170313.3,0x2a559d57c63d749a6e08632ba55e3dcea48781baf8f3279df0e09a6258d7e535
15838467,1666862267,OPIUM-WETH,1165743.4,0xf1bd35abbe842d8eda8aa7255a67e2c3adc4ced06af2508c73b0c9415b7cf187
15839185,1666870907,COVER-WETH,1164955.9,0x390a08e94cd7d8ab9cb6806aefbe7a25b6511aa3d6f485c09d69bf49770fd526
15831936,1666783559,WETH-CGT,1163923.5,0x0b3b3818c2a170c5e6858b00079a373c5db1bd08b029dec1a8b47454d6f009cf
15835387,1666825175,STMX-WETH,1161314.7,0xb710616c2606d36690a0fa93e70b13d9c0952f5efbab7eb161daac818aeec1d0
15881994,1667387927,GOO-WETH,1152027.3,0x34f38d83fba3a3d3ad4120c67cb1d435e84f9d6f1a98e9794abb008665c53199
15924708,1667903219,USDN-WETH,1152009.6,0xfc5e08c07e4c11b98a84b6ab28d6f1f684776c37759ab2472fa473609c7052d4
15927592,1667937959,FTX Token-WETH,1149179.6,0xaeecb6b98967f17326fbd1e6245c405b499d3b34b21c3feefb2ddbbf51c3a516
15929235,1667957807,CPOOL-WETH,1148827.5,0x6df98a080f3261a3201b7a75a64f1e9dbdfb26a5283efa3d20d0b707e60e721f
15927379,1667935391,FTX Token-WETH,1144514.9,0x55b184e5ad5cf3fce656958bf678ff8d0f9a13dd8856f9d502c5df6b9726ff2c
15893364,1667525255,GOO-WETH,1143873.9,0x872372fe6bb0b5ff3273a1228599e2d3f43960bdde80097cbb37878c9d55d3dc
15923802,1667892311,WETH-IMX,1143470.5,0xe64e674210faf2a933e68cd50502d566a675afb35503c339c84e5f9156254266
15928542,1667949455,SHIT-WETH,1142959.2,0xaeaaa844d8181b148cc9dff754042d34d2339c3b39eb4ed226d6b5e40de44ef3
15821519,1666657811,WETH-EUL,1141427.8,0xf9d07510fd55c5152906cc6e80ea90df3592d8af705aed937cdb0df4002cdbbb
15880272,1667367179,XEN-WETH,1138755.0,0x351b7b7838e176e78dd58f219eee226eba6378c29f44e1ff99ad00b62687a74b
16025648,1669121327,SANU-WETH,1135681.2,0xdc5c0a45116f54097c5c8e8140304474168458dbc8e549fb08213ef53d9f48c8
15844252,1666932299,FUND-WETH,1135134.8,0xf43b24c2ed46cf4b868cef28a472972c26235f0ee68760546298f2db25554944
15892090,1667509907,GOO-WETH,1133668.5,0x53da5235d6f1f9f38d18ed8634a517ba925e51d431d21f9981b30b4b6b3db768
15923334,1667886647,WETH-IMX,1131362.7,0xce5c67dd28503d92c1019d8a771b7f741111ecebb01098c99149b304bfd82393
15864666,1667178587,WETH-AURA,1128725.9,0xdcd5a44e2e634ec307b4aff0a656e504c4a83df06eb8bf285a769543a15ec145
15926739,1667927663,CZ-WETH,1120432.8,0x4386d67434d8810083bdca14d15287146b0b48169a1ed7e064ddf15b7d843f05
15930490,1667972915,FTX Token-WETH,1119992.0,0x4153a6dcaf160df0d3e88efebbc1a96cb27b5be9aeb827c31afebdb4e0f89b60
15922177,1667872715,DOGEDAMMIT-WETH,1119128.8,0x47e124e2d95adf292ffb0469662f2b104d229ff842768acfb60a85c961108ff6
15824831,1666697663,UNIDX-WETH,1118461.2,0xa821ade175cbd09c87b72b17f9e08581da670b79d4b904cc90e65aeed6588c24
15927713,1667939423,UNIDX-WETH,1118239.4,0x96c2123871c9f7ce6b992438659db99abbd05db14294436abb9182f64ca97ad0
15824408,1666692587,WETH-IMX,1117321.7,0xf6fc3451654894809f63eaa6e83b153c8f7090843e603cd5256c5652e91c3f7d
15805488,1666463891,AERGO-WETH,1109243.5,0xc9e48e5d79545f1dd795de3c2763c62f04dfc85627fa140ebf757387f94f7f77
15805299,1666461623,FSBF-WETH,1093954.3,0x40b6d9fc711ffd95b1e89a433a6494da7af452b33ee7ca82547ec0241b42b94e
15802196,1666424243,DC-WETH,1091061.5,0xfed76fb6ac306137f905e31c552e444555802c463817ddaf098c117fe6b619f7
15801606,1666417151,WETH-WRLD,1089617.6,0x9d9e86fd9e882e46305c6aa90c6c920f83855c02de877b2bf10d16e4138b8ae9
15835531,1666826915,STMX-WETH,1088621.3,0x71ef4d2958b4fa01b6f1e386109051544a0f5c424e109ab6659c02c08a4fd521
15852843,1667035979,BLXM-USDC,1085287.2,0x37e0161d214794eabce29ca7baff6088460f9b54ec5104072118c6f9c8bdccd2
15972802,1668483539,DYDX-WETH,1074087.2,0x53257b9f7f304dd1c76950375a979d422821fc8656d498d09d9d1f1c67e4c4a4
15972676,1668482015,ALEPH-WETH,1073888.6,0x4ded0ead7faa4e1a890ace8d9c8310b8dcfa3e5dadba242089f1d45b53affe09
16009149,1668922211,CRAB-WETH,1073793.2,0x31133c7999b84f094b9689740f79f5e24572da9aa94d4b5386a8bdd6c9654e4a
15972409,1668478751,USDT-REEF,1069833.9,0xb147fa035a10a24786de520c0bbbb89f630a9b91d067b60df55bcf620c22d3de
16032709,1669206671,CRAB-WETH,1069655.7,0x35dd341916a97aa0f694bbf77fef5aeb489a85a1b0a9a75e655f53ca992e66d1
15977827,1668544235,WETH-AURA,1065778.0,0xf333b8fc4018faaa91ccdbaf61b4f6ae8cd2526e3907fa7b45855ce7cc9ce300
15862239,1667149307,BLXM-USDC,1064376.3,0x567b761ae06cad3572d4fdff24866c4027b91f2011f48f163db7dbadf3d0e2ae
16006598,1668891515,XFT-WETH,1063072.7,0x4aa359086edf48f2a517a5e1c43cc86ca8dd6b9db2cfdb4250fbf04d38d428b5
16003192,1668850427,KP3R-WETH,1062024.5,0x6b1df7bfd501a6ae8fdfdf0ef3670ea13724d4076d53ba7b3140e9102e344a82
15890236,1667487503,MATIC-WETH,1059606.0,0x9d852ffd275812eb137c6e667afcbeaf261bf618517348248d62b69fe1a258ef
15861142,1667136095,BLXM-USDC,1058112.5,0x4f94a4fe1e9f89b8fac2e24748e46555b7d6791f26396dd48a84060bf30a95a2
15897773,1667578427,LQTY-WETH,1057099.8,0x8b777a44a2088e44e4f87cfa650b4243f276a4413523469458f291217449481f
16002624,1668843563,SHPING-WETH,1055857.0,0x9724cb1163fbff5478d1d811cdb0844f7a21c11188e110f8235b4b5721504d7b
15890236,1667487503,MATIC-WETH,1055630.2,0x6959c6b11cf7b1f25d4b03621cce8c67599882f4bc7fed21809fa5d82ffa0508
15972115,1668475211,DC-WETH,1054209.8,0x78938d9ba4f497a176d050dcd05dacf1e52fcead3d74d2991fc30db16f138012
15941022,1668100247,FTX Token-WETH,1050798.9,0x965fc0b09bacc4dee7954fe1a77c04d65d83f47fddc9f8aa81cdb47960d9c1ec
15954836,1668266999,COV-WETH,1050650.9,0xac45b371957e59ea3f8f6acb8525cb10b309804f28f86ac9637eb2b081dd4e29
15973378,1668490475,RARE-WETH,1049774.8,0x90b221059a212556d034235bcd72d448fdf3f040944e305434a8c29c2d5917c0
15840852,1666891103,BLXM-USDC,1049367.8,0x837753b150ddaaa01352efa51bec60b6f6e657a6721e40570901f124bf63e11c
15986293,1668646511,WETH-ACH,1048839.9,0xec28425c2bae7568ae5bbaeaf3a5d2b108f22298c6296ed811eb674aaf336d79
15895057,1667545691,BLXM-USDC,1048103.1,0xd6553d673aa3bbb37c07e17f2db9e7fc9743d8768ffed1849b8dcef6a258a759
15942810,1668121787,FTX Token-WETH,1043993.3,0x7423056034e2985210f866a67e6f4ca5899b51eed660b116178b698d162468de
15927780,1667940239,WETH-FTTINU,1042539.8,0x1bd5c79457647702cdcfda4b6a234b113c6f994abc963f9033b5d22f9d9d30ba
15864292,1667174087,WETH-Inusanity,1042383.1,0x51bd087b72e0cf1f379766e34665ee75ad88a4d99256559f74d5f74b7b20477d
15942561,1668118799,WETH-RGT,1042054.8,0x37b89fb7314a35234f2920e864cea6bf12b0356446f77cba203d6052643cb6a6
15886996,1667448359,GOO-WETH,1041526.3,0x3c73b4a01e7a018a1aa5d4c8cb219f56ad3061d854eb08f5b19fe4757ee4c680
15985710,1668639479,DINO-WETH,1039962.4,0xa5eb9ffff51c5e98cdba38d34264a3b2b075dd27f445ffcebf21ed3a1789d970
15989438,1668684419,DINO-WETH,1034749.4,0x5499e7bc6a8471c87ccb66250e16f2291b62aa8db5a9ec408146a232e47cc24c
15954101,1668258119,PAXG-WETH,1034661.4,0xb1181b2bb81f76f6143ae4b29b71ad8c62d346c1fcd004fba9213bccc4a852bc
15989462,1668684707,DINO-WETH,1034571.8,0xd88eb4a6acd4fbc8f2abc6ae9e95b2cf16b0976852217946212409d51dde3f2a
15933348,1668007547,GALA-WETH,1034376.4,0x839ca34d3ffb439edb9fc15e4a71be34bb2f4768a396ea930cdd02170e43a1f6
16010036,1668932927,WETH-renBTC,1033907.8,0xeef829b2f46fe965d3ea70fe776dbc94caa60e17ed8c87b558e785a4c3004014
16013786,1668978203,CRAB-WETH,1033829.2,0x3c53ea54f859eb8083730597742ccb4491461152379140f96fdcf1cb27167878
15968730,1668434411,WOOL-WETH,1031864.3,0x5cb3530c5d3764ae0fb25ded8ddfe3a8ac432db21cb4f46d23a35018bfe13611
15856552,1667080787,MEGA-WETH,1030887.4,0x556ddd7f8012e3986768a933b082bb75e384b5f9b04a03c6d47d305ea32ce959
16013209,1668971231,CRAB-WETH,1030365.4,0xdaec3af1388ab6b9074b2472bc09b91160eabe491dcdab2d18473e076bb36dc3
16013081,1668969683,CRAB-WETH,1030271.3,0x9da0220b091d3831bd0e4e1cf3a4894112469428e4ec840f83679324c2e96aac
16013071,1668969563,CRAB-WETH,1030255.9,0x9f7ab9527de6e85f427d94b31253c1feecf8dae6e0170086d51ae15073790c9c
16013066,1668969503,CRAB-WETH,1030209.6,0xeea57e56cae8ed21b52a2e5ba739584617422dacfbdebc7596fef467d3c0a010
16012076,1668957575,CRAB-WETH,1029500.0,0xf80c91d32b2802855002a272808cafa9a0d9ea80124f2885d0166c6d6c4b0d50
16012875,1668967199,CRAB-WETH,1029388.5,0x638bce69084e4da62fe1bfade661ebdcca49bb06ee8b3444f8a07e42ec723968
16012935,1668967919,CRAB-WETH,1029367.9,0x68582a6c0b1157e1731d529ff7f60cf1984952b3f8f0acd5520b601284e36f37
16012755,1668965759,CRAB-WETH,1029169.7,0x85fb529fc8e7231b026d605e6d9f0d603b9729a96544ee37a793cc02b7130218
15950373,1668213143,CRO-WETH,1027971.0,0xcc48f534b39bc12cb2b088bd2ad211396b3cd7043df84dcf6299f996cee9041d
15863781,1667167895,WETH-TBIRD,1027488.0,0x3df4786114c990b257107d6231d40bd8b6b8cab50d21592010a778825b74e6e6
15809125,1666507775,STW-WETH,1027052.8,0x32ebe832c08968f5be389a332a55172771873c8dd4ecfe49b0bbc18a4ff71b5e
15928218,1667945543,SHIT-WETH,1026628.5,0xdda1e94b8fb34e21d2992160070d9c8f550364d9223ccbf2ce1790677c161b4d
16010614,1668939899,WETH-renBTC,1026298.3,0xc86b804e21a2325547e4a53a2826fe2c8350018ee31aba5a07d8c7f69925bac8
15952375,1668237323,YAM-WETH,1025712.7,0xb7289204923ecfda593c498fb8b0f4475de435d5602ab439dad88de6cabd324a
15929282,1667958371,WETH-RGT,1025511.2,0x7661e012ddc0d3afb38534ac53bd8baba7c24d47f6ae1a473d4e1bc18be0a6f7
16010351,1668936731,WETH-renBTC,1025306.3,0x4c384b0b7c4ccbf7ae9feb7b7533b600dc2e4bf8b49cca85c4f04e9d2fc394fd
15950867,1668219071,CRO-WETH,1024828.6,0x56e0500a6b0e4a6f7776e242efbba8d2bd1badc0958015e78abb9d7a738161d3
15967174,1668415619,STC-WETH,1024658.6,0x91c7eb11e3034172f41c6bdcb631e7ebab0e3800f4418f4349923248b9d699fa
15993166,1668729455,RARE-WETH,1024324.1,0xc6ae13c7c4dc4be528a9b304dbce5db9dc0912aba435e9b9fd62070ce97c54f9
15953762,1668254039,WETH-RGT,1021703.3,0x165f25ef4675339caf9289ad0e3bd2e76572a826d6725660ac364f4feb51aced
15949597,1668203807,WETH-RGT,1021355.9,0xd3730c5710e665b73f7a138df146676274f2d8b020d3267adc83bf02082c7e43
15953569,1668251711,UNIDX-WETH,1021174.0,0x8d75cbddc97c3194021838146d2e75762840d9345c883d788a775f77c16b5cfd
15872992,1667279099,TSHIB-WETH,1019448.1,0x4f9288bfac160167af6162527b740dbba651c756f3a7de17d7c96cc0dc44d1bf
15949073,1668197495,FTX Token-WETH,1016125.5,0xe919338241d02d63d7a3fdd9ef8523fbfe07052ae9737b72ba3c6f12fe1025e2
15961463,1668346883,AXS-WETH,1015947.3,0xb5ac2c78878f0009006a47d64adb6718b85678035cc5f9cae96b1aff7d644b10
15961570,1668348167,AXS-WETH,1014356.4,0x931c230d1042a1e304e6a86c35f0b323a2fc6f9d37e85b0f364e8d0b758a145f
15932635,1667998895,WETH-RGT,1013923.2,0x703c32492fda9a9b08531a82830c47b8c19ed56cdcd25e23f22c370e6143f71f
15973109,1668487247,CRO-WETH,1013442.7,0x089a178563c46d0b2caeb22854e681f8f6601d71d0a7d36bfa854c46e70d5194
15944066,1668136991,RAD-WETH,1011687.3,0x069cda6e58f2f95bdf69088242c3d93dcc78c4560377551b9bd17beae2ac131d
15965279,1668392783,APE-WETH,1010588.9,0x48be75b5a68116ca18c847eb6df91e8bb749bc98b29ca1e1f5a47248057fd680
16014130,1668982343,CRAB-WETH,1010043.5,0xe2f360451466e267f84ae820d51b15343ba521b69e6ba47a55632393de74e8d5
15954120,1668258347,PAXG-WETH,1009965.0,0x3ef27e73858c9ecff14ebf6aea5018dc0f6b36668dcbd361e39b8d60ffa404e7
15840212,1666883387,BLXM-USDC,1009250.8,0x6bc1ba74abfcfd61c8e6941171dc1640d29a3711f0806365bba747d96bf720eb
15946118,1668161723,UBXT-WETH,1008791.5,0x237d5bde1eac57495a43df871ad329784f421c37afae76cc2f350191e2101e59
16014635,1668988439,DINO-WETH,1005891.6,0xc781d4f64f1ec62d499a20002da06bfbc872979ca7251682ca3f0ff50f8ee628
16016363,1669009247,CRAB-WETH,1005686.6,0xf6fe83d892d489b309a2b2afc1817868d4d68f6bd47c2fda14216af495f00911
16014347,1668984971,CRAB-WETH,1004500.8,0x475c0f1741a94090871e3e239a0b4553be504420e5dfe25c698a4c6e2e28b039
16014591,1668987911,CRAB-WETH,1004165.9,0x1c9e41618fef92e653391d2a528ab9313c8a83e88b2c4341ea2982d2ace88ef7
16014954,1668992267,CRAB-WETH,1003853.1,0x7f5632a6a70b3afedfec7b959991540b0a18a6cf071c5318278d9e3ff286a4da
15960673,1668337331,WETH-WRLD,1003311.0,0xe1082f2e207dc241f96dd9de2eb3f9ce3957b14e5c862ce52f5fe3843582a659
15976331,1668526091,WETH-IMX,1003180.1,0x184c3d3c504037da6f17abaf2a64824543b6abe80c4c5518a98822c7685b653e
15827268,1666727231,WETH-CKTL,1002385.1,0x65b818a54107a4c5eb2e40717d380a7b7d57a485e01a064f8366f7eab88a4b99
15960655,1668337103,UNIDX-WETH,1001995.2,0xff06a121b8274214ffc96f73d8c66dfb10b6aadaaaa0e48236107bf63af51027
15978722,1668555035,XEN-WETH,1001960.0,0x5922fad65406e8907626c103b0c1efa878a75e6816c3716ca8f6f426bc3bcd71
15954116,1668258299,PAXG-WETH,1000573.4,0x89478e124aebc6ef7f9a8f83e6854a8581d268662aa249dc391cd2b928231f55
16019005,1669041143,CRAB-WETH,1000027.0,0xb07bb15f4b0e2c97265e997a21ba9291c75e4627ca03e04b77a277ed24d2c834
15954110,1668258227,PAXG-WETH,1000011.6,0xccb527695463effca8b06ab799d941366180c14bb137e334593a59013ec8fc0d
